year,crop,region,acres harvested,acres planted,production,yield
2016,corn,usa,,93601000,,
2015,corn,usa,80749000,87999000,761667088000,4.28
2014,corn,usa,83136000,90597000,796069792000,4.34
2013,corn,usa,87451000,95365000,774421984000,4.02
2012,corn,usa,87365000,97291000,602286216000,3.13
2011,corn,usa,83879000,91936000,689581536000,3.73
2010,corn,usa,81446000,88192000,695818480000,3.88
2009,corn,usa,79490000,86382000,731760736000,4.18
2008,corn,usa,78570000,85982000,674419368000,3.89
2007,corn,usa,86520000,93527000,730121000000,3.83
2006,corn,usa,70638000,78327000,589742888000,3.79
2005,corn,usa,75117000,81779000,622282472000,3.76
2004,corn,usa,73631000,80929000,661112536000,4.07
2003,corn,usa,70944000,78603000,564888352000,3.61
2002,corn,usa,69330000,78894000,502140072000,3.28
2001,corn,usa,68768000,75702000,532144480000,3.51
2000,corn,usa,72440000,79551000,555242856000,3.48
1999,corn,usa,70487000,77386000,528114272000,3.40
1998,corn,usa,72589000,80165000,546486360000,3.41
1997,corn,usa,72671000,79537000,515582592000,3.22
1996,corn,usa,72644000,79229000,517023192000,3.23
1995,corn,usa,65210000,71479000,414402856000,2.88
1994,corn,usa,72514000,78921000,562829120000,3.52
1993,corn,usa,62933000,73239000,354912880000,2.56
1992,corn,usa,72077000,79311000,530695088000,3.34
1991,corn,usa,68822000,75957000,418586840000,2.76
1990,corn,usa,66952000,74166000,444305568000,3.01
1989,corn,usa,64783000,72322000,421789368000,2.95
1988,corn,usa,58250000,67717000,276006136000,2.15
1987,corn,usa,59505000,66200000,399352800000,3.04
1986,corn,usa,68907000,76580000,460642784000,3.03
1985,corn,usa,75209000,83398000,497025368000,3.00
1984,corn,usa,71897000,80517000,429639280000,2.71
1983,corn,usa,51479000,60207000,233758056000,2.06
1982,corn,usa,72719000,81857000,461165656000,2.88
1981,corn,usa,74524000,84097000,454644400000,2.77
1980,corn,usa,72961000,84043000,371806176000,2.31
1979,corn,usa,72400000,81394000,443975784000,2.78
1978,corn,usa,71930000,81675000,407003912000,2.57
1977,corn,usa,71614000,84328000,364282296000,2.31
1976,corn,usa,71506000,84588000,352193464000,2.24
1975,corn,usa,67625000,78719000,327082392000,2.19
1974,corn,usa,65405000,77935000,263278512000,1.83
1973,corn,usa,62143000,72253000,317559872000,2.32
1972,corn,usa,57513000,67126000,312470592000,2.46
1971,corn,usa,64123000,74179000,316190560000,2.24
1970,corn,usa,57358000,66863000,232525608000,1.84
1969,corn,usa,54574000,64264000,262475192000,2.18
1968,corn,usa,55980000,65126000,249174352000,2.02
1967,corn,usa,60694000,71156000,272180832000,2.03
1966,corn,usa,57002000,66347000,233386048000,1.86
1965,corn,usa,55392000,65171000,229760552000,1.88
1964,corn,usa,55369000,65823000,195118168000,1.60
1963,corn,usa,59227000,68771000,225077328000,1.72
1962,corn,usa,55726000,65017000,201953416000,1.64
1961,corn,usa,57634000,65919000,201476968000,1.59
1960,corn,usa,71422000,81425000,218789144000,1.39
1959,corn,usa,72091000,82742000,214177488000,1.35
1958,corn,usa,63549000,73351000,187947480000,1.34
1957,corn,usa,63065000,73180000,170539880000,1.23
1956,corn,usa,64877000,77828000,172218816000,1.20
1955,corn,usa,68462000,80932000,160885704000,1.07
1954,corn,usa,68668000,82185000,151643128000,1.00
1953,corn,usa,70738000,81574000,161380856000,1.03
1952,corn,usa,71353000,82230000,166924408000,1.06
1951,corn,usa,71191000,83275000,147220472000,0.94
1950,corn,usa,72398000,82859000,154787976000,0.97
1949,corn,usa,77106000,86738000,164987536000,0.97
1948,corn,usa,76840000,85522000,185194128000,1.09
1947,corn,usa,73802000,85038000,118065920000,0.73
1946,corn,usa,78410000,88898000,163300984000,0.94
1945,corn,usa,77928000,89261000,144337144000,0.84
1944,corn,usa,85002000,95475000,156890272000,0.84
1943,corn,usa,81906000,94341000,149435440000,0.83
1942,corn,usa,79213000,88818000,156901864000,0.90
1941,corn,usa,77404000,86837000,135208920000,0.79
1940,corn,usa,76443000,88692000,123585392000,0.73
1939,corn,usa,78307000,91639000,131129712000,0.76
1938,corn,usa,82788000,94473000,128805320000,0.71
1937,corn,usa,81222000,97174000,131567800000,0.73
1936,corn,usa,67833000,101959000,70485688000,0.47
1935,corn,usa,82551000,99974000,112076552000,0.61
1934,corn,usa,61245000,100563000,64217104000,0.48
1933,corn,usa,92130000,109830000,117864600000,0.58
1932,corn,usa,97213000,113024000,144406360000,0.67
1931,corn,usa,91131000,109364000,124874568000,0.62
1930,corn,usa,85525000,103915000,98408632000,0.52
1929,corn,usa,83194000,99130000,119562128000,0.65
1928,corn,usa,85832000,100399000,126615440000,0.67
1927,corn,usa,83915000,98460000,124218584000,0.67
1926,corn,usa,83275000,99660000,119851592000,0.65
1925,corn,usa,86825000,,133408128000,0.70
1924,corn,usa,84119000,,104166272000,0.56
1923,corn,usa,87493000,,136054856000,0.71
1922,corn,usa,84858000,,124851776000,0.67
1921,corn,usa,91939000,,143187744000,0.71
1920,corn,usa,90149000,,150924760000,0.76
1919,corn,usa,87487000,,131144720000,0.68
1918,corn,usa,102195000,,136709944000,0.61
1917,corn,usa,110893000,,162861552000,0.67
1916,corn,usa,100561000,,135811536000,0.61
1915,corn,usa,100623000,,158426464000,0.71
1914,corn,usa,97796000,,141330000000,0.66
1913,corn,usa,100206000,,127262240000,0.58
1912,corn,usa,101451000,,165079152000,0.74
1911,corn,usa,101393000,,138579560000,0.62
1910,corn,usa,102267000,,159756464000,0.71
1909,corn,usa,100200000,,146224792000,0.66
1908,corn,usa,95285000,,143737552000,0.68
1907,corn,usa,96094000,,146372632000,0.69
1906,corn,usa,95624000,,169842960000,0.81
1905,corn,usa,95746000,,165432288000,0.78
1904,corn,usa,95228000,,150450944000,0.72
1903,corn,usa,93555000,,140845208000,0.68
1902,corn,usa,97177000,,155341424000,0.72
1901,corn,usa,94422000,,96082112000,0.46
1900,corn,usa,94852000,,149070768000,0.71
1899,corn,usa,94591000,,148164576000,0.71
1898,corn,usa,87784000,,131674088000,0.68
1897,corn,usa,89965000,,128107168000,0.65
1896,corn,usa,89074000,,149578688000,0.76
1895,corn,usa,90479000,,141946672000,0.71
1894,corn,usa,80069000,,90440896000,0.51
1893,corn,usa,79832000,,106422456000,0.60
1892,corn,usa,76914000,,106255072000,0.63
1891,corn,usa,78855000,,130805024000,0.75
1890,corn,usa,74785000,,92424976000,0.56
1889,corn,usa,77656000,,128480184000,0.75
1888,corn,usa,77474000,,126035392000,0.74
1887,corn,usa,73296000,,89854744000,0.56
1886,corn,usa,73911000,,99834952000,0.61
1885,corn,usa,71854000,,115237192000,0.73
1884,corn,usa,68834000,,109078928000,0.72
1883,corn,usa,68168000,,92520288000,0.61
1882,corn,usa,66157000,,98295232000,0.67
1881,corn,usa,63026000,,69708968000,0.50
1880,corn,usa,62545000,,95573688000,0.69
1879,corn,usa,62229000,,98111104000,0.72
1878,corn,usa,59659000,,87614072000,0.67
1877,corn,usa,58799000,,84888272000,0.66
1876,corn,usa,55277000,,82777688000,0.68
1875,corn,usa,52446000,,81215456000,0.70
1874,corn,usa,47640000,,59291568000,0.56
1873,corn,usa,44084000,,56466256000,0.58
1872,corn,usa,43584000,,71644664000,0.75
1871,corn,usa,42002000,,63936040000,0.69
1870,corn,usa,38388000,,62987400000,0.74
1869,corn,usa,35833000,,43796704000,0.55
1868,corn,usa,35116000,,51497040000,0.67
1867,corn,usa,32116000,,44458680000,0.63
1866,corn,usa,30017000,,40925584000,0.62
2016,cotton,texas,,5322000,,
2016,cotton,albama,,320000,,
2016,cotton,georgia,,1150000,,
2016,cotton,mississippi,,450000,,
2016,cotton,usa,,9562000,,
2015,cotton,texas,4464833,5266000,2740000000,0.278208
2015,cotton,albama,309833,307500,548333,0.3851064
2015,cotton,georgia,1108333,1115000,1080000000,0.4420332
2015,cotton,mississippi,313333,335000,348000000,0.5041008
2015,cotton,usa,8097333,9064750,6328240000,0.3544884
2014,cotton,texas,5082000,6282333,3090160000,0.2742768
2014,cotton,albama,354667,346667,643833,0.394254
2014,cotton,georgia,1381667,1370000,1261600000,0.4139856
2014,cotton,mississippi,415833,410000,479840000,0.5233032
2014,cotton,usa,9823217,11058467,7914752000,0.3644676
2013,cotton,texas,3248600,5709667,1982688000,0.27524448
2013,cotton,albama,355200,363333,583000,0.35716464
2013,cotton,georgia,1328000,1346667,1168320000,0.4005288
2013,cotton,mississippi,295400,283333,325344000,0.4971456
2013,cotton,usa,7695040,10280000,6243216000,0.36687168
2012,cotton,texas,4642066,6660500,2831960000,0.269514
2012,cotton,albama,378495,390000,647500,0.3722544
2012,cotton,georgia,1277771,1345000,1256800000,0.4461912
2012,cotton,mississippi,478646,527500,473840000,0.4487616
2012,cotton,usa,10184269,12709700,8325184000,0.3668112
2011,cotton,texas,2868500,7570000,1699200000,0.2718576
2011,cotton,albama,443000,460000,685000,0.330372
2011,cotton,georgia,1495000,1600000,1183200000,0.3762612
2011,cotton,mississippi,605000,630000,576000000,0.4300128
2011,cotton,usa,9460900,14735400,7475136000,0.3623508
2010,cotton,texas,5366500,5567000,3778080000,0.3405024
2010,cotton,albama,338000,340000,480000,0.2953692
2010,cotton,georgia,1315000,1330000,1080000000,0.36477
2010,cotton,mississippi,410000,420000,407040000,0.4336416
2010,cotton,usa,10698700,10974200,8688864000,0.3752784
2009,cotton,texas,3517800,5018000,2232720000,0.3005856
2009,cotton,albama,248000,255000,342000,0.3392928
2009,cotton,georgia,990000,1000000,892800000,0.4019652
2009,cotton,mississippi,295000,305000,198240000,0.3792096
2009,cotton,usa,7533700,9149500,5847840000,0.3622752
2008,cotton,texas,3265000,5015600,2152320000,0.3301452
2008,cotton,albama,286000,290000,469000,0.3491964
2008,cotton,georgia,920000,940000,768000000,0.3733884
2008,cotton,mississippi,360000,365000,327840000,0.4228308
2008,cotton,usa,7568700,9471000,6156192000,0.3804948
2007,cotton,texas,4699115,4925000,3982080000,0.3480624
2007,cotton,albama,383783,400000,416000,0.24381
2007,cotton,georgia,995714,1030000,796800000,0.3586464
2007,cotton,mississippi,655526,660000,632640000,0.4371192
2007,cotton,usa,10491169,10827200,9219312000,0.3796632
2006,cotton,texas,4130000,6431000,2805600000,0.2879604
2006,cotton,albama,560000,575000,675000,0.227178
2006,cotton,georgia,1370000,1400000,1120320000,0.3107916
2006,cotton,mississippi,1220000,1230000,1011360000,0.3810996
2006,cotton,usa,12731500,15274000,10362144000,0.3561516
2005,cotton,texas,5624000,5974800,4072080000,0.2980152
2005,cotton,albama,545000,550000,848000,0.3363444
2005,cotton,georgia,1210000,1220000,1027200000,0.360234
2005,cotton,mississippi,1200000,1210000,1030560000,0.401436
2005,cotton,usa,13802600,14245400,11467296000,0.3631068
2004,cotton,texas,5370500,5871000,3733440000,0.2900016
2004,cotton,albama,540000,550000,814000,0.3308256
2004,cotton,georgia,1280000,1290000,862560000,0.3185028
2004,cotton,mississippi,1100000,1110000,1126080000,0.4164804
2004,cotton,usa,13057000,13658600,11160336000,0.3604608
2003,cotton,texas,4370000,5620000,2099520000,0.2081268
2003,cotton,albama,510000,525000,820000,0.3346812
2003,cotton,georgia,1290000,1300000,1012800000,0.34965
2003,cotton,mississippi,1090000,1110000,1017600000,0.403704
2003,cotton,usa,12003400,13479600,8762496000,0.3178224
2002,cotton,texas,4587665,5618500,2439504000,0.2360232
2002,cotton,albama,531562,590000,570000,0.2709504
2002,cotton,georgia,1313575,1450000,757440000,0.286902
2002,cotton,mississippi,1153716,1170000,928800000,0.3595536
2002,cotton,usa,12436381,13957900,8260128000,0.3025512
2001,cotton,texas,4266500,6017000,2062272000,0.2128896
2001,cotton,albama,605000,610000,920000,0.3274992
2001,cotton,georgia,1480000,1490000,1065600000,0.3158568
2001,cotton,mississippi,1600000,1620000,1150080000,0.3355884
2001,cotton,usa,13827700,15768500,9745344000,0.3107916
2000,cotton,texas,4416000,6416000,1906080000,0.2017764
2000,cotton,albama,530000,590000,543000,0.2220372
2000,cotton,georgia,1350000,1500000,798240000,0.2734452
2000,cotton,mississippi,1280000,1300000,821280000,0.3030804
2000,cotton,usa,13053000,15517200,8250384000,0.2844828
1999,cotton,texas,5132000,6183000,2445408000,0.218052
1999,cotton,albama,561000,565000,625000,0.260172
1999,cotton,georgia,1300000,1470000,752160000,0.2564136
1999,cotton,mississippi,1180000,1200000,830880000,0.3266568
1999,cotton,usa,13424900,14873500,8144640000,0.2766312
1998,cotton,texas,3332000,5755000,1753296000,0.2351916
1998,cotton,albama,475000,495000,553000,0.257418
1998,cotton,georgia,1280000,1370000,740160000,0.2590056
1998,cotton,mississippi,940000,950000,693120000,0.3349836
1998,cotton,usa,10683600,13392500,6680736000,0.2819124
1997,cotton,texas,5422343,5532000,2493264000,0.2163672
1997,cotton,albama,443532,535000,550000,0.2707992
1997,cotton,georgia,1444553,1440000,921120000,0.2930256
1997,cotton,mississippi,996202,985000,874080000,0.4086936
1997,cotton,usa,13651702,13898000,9020640000,0.3052728
1996,cotton,texas,4136000,5737000,2114448000,0.2317896
1996,cotton,albama,516000,520000,789000,0.3329424
1996,cotton,georgia,1336000,1340000,997920000,0.3388392
1996,cotton,mississippi,1100000,1120000,900480000,0.3714984
1996,cotton,usa,12888100,14652500,9092160000,0.319788
1995,cotton,texas,5783000,6436000,2165760000,0.1701
1995,cotton,albama,578000,590000,492000,0.1855224
1995,cotton,georgia,1490000,1500000,931680000,0.2835
1995,cotton,mississippi,1420000,1460000,883680000,0.2821392
1995,cotton,usa,16006700,16931400,8591904000,0.2435832
1994,cotton,texas,5177000,5478500,2384640000,0.2091096
1994,cotton,albama,455000,463000,726000,0.3474576
1994,cotton,georgia,875000,885000,737760000,0.3823848
1994,cotton,mississippi,1270000,1280000,1023360000,0.3656016
1994,cotton,usa,13322300,13720100,9437760000,0.3211488
1993,cotton,texas,5080000,5581000,2469120000,0.2204496
1993,cotton,albama,430000,443000,469000,0.2376864
1993,cotton,georgia,600000,615000,351840000,0.2658096
1993,cotton,mississippi,1300000,1330000,744000000,0.2594592
1993,cotton,usa,12783300,13438300,7744128000,0.2748816
1992,cotton,texas,3585000,5537000,1594320000,0.201852
1992,cotton,albama,408000,415000,621000,0.3315816
1992,cotton,georgia,456000,460000,357120000,0.3551688
1992,cotton,mississippi,1345400,1350400,1023072000,0.344736
1992,cotton,usa,11123300,13240000,7784880000,0.31752
1991,cotton,texas,5457000,6360000,2283840000,0.1900584
1991,cotton,albama,405000,410000,553000,0.297108
1991,cotton,georgia,427000,430000,346560000,0.3683232
1991,cotton,mississippi,1230600,1245800,1092336000,0.4027968
1991,cotton,usa,12959500,14052100,8454864000,0.2957472
1990,cotton,texas,5057000,5560000,2422080000,0.2172744
1990,cotton,albama,378000,380000,375000,0.2159136
1990,cotton,georgia,350000,355000,194400000,0.251748
1990,cotton,mississippi,1221300,1231300,888768000,0.3302208
1990,cotton,usa,11731600,12348100,7442592000,0.2875824
1989,cotton,texas,3828000,4732000,1439520000,0.1705536
1989,cotton,albama,322000,328000,383000,0.2590056
1989,cotton,georgia,260000,265000,164160000,0.2862216
1989,cotton,mississippi,1021100,1051600,746880000,0.3315816
1989,cotton,usa,9537700,10586600,5853888000,0.2785104
1988,cotton,texas,5341500,5642000,2535120000,0.21546
1988,cotton,albama,375000,390000,380000,0.2204496
1988,cotton,georgia,315000,350000,177600000,0.2558304
1988,cotton,mississippi,1190000,1230000,876000000,0.3338496
1988,cotton,usa,11948200,12514800,7397520000,0.2807784
1987,cotton,texas,4431000,4732000,2249184000,0.2304288
1987,cotton,albama,333000,335000,397000,0.2594592
1987,cotton,georgia,245000,250000,162240000,0.3002832
1987,cotton,mississippi,1010000,1020000,837600000,0.3760344
1987,cotton,usa,10030300,10397200,7084752000,0.3202416
1986,cotton,texas,3476200,4876400,1236480000,0.1614816
1986,cotton,albama,313000,315000,330000,0.2295216
1986,cotton,georgia,195000,225000,88800000,0.206388
1986,cotton,mississippi,1000000,1020000,571200000,0.2590056
1986,cotton,usa,8468400,10044600,4670928000,0.2503872
1985,cotton,texas,4669400,5019500,1893648000,0.1841616
1985,cotton,albama,329000,330000,545000,0.360612
1985,cotton,georgia,245000,255000,177600000,0.32886
1985,cotton,mississippi,1040000,1050000,794400000,0.3465504
1985,cotton,usa,10229000,10684600,6447456000,0.285768
1984,cotton,texas,4719300,5369600,1780752000,0.1710072
1984,cotton,albama,307000,309000,447000,0.3170664
1984,cotton,georgia,172000,175000,134880000,0.3556224
1984,cotton,mississippi,1032000,1045000,792000000,0.3479112
1984,cotton,usa,10379100,11145400,6231264000,0.27216
1983,cotton,texas,3572300,4022400,1157760000,0.1469664
1983,cotton,albama,215000,219000,183000,0.1855224
1983,cotton,georgia,115000,120000,53760000,0.2118312
1983,cotton,mississippi,675000,687000,432000000,0.290304
1983,cotton,usa,7347500,7926300,3730272000,0.2304288
1982,cotton,texas,4319500,5819600,1306944000,0.1374408
1982,cotton,albama,285000,287000,460000,0.35154
1982,cotton,georgia,158000,163000,112800000,0.3238704
1982,cotton,mississippi,990000,1000000,844800000,0.3869208
1982,cotton,usa,9733900,11345400,5742096000,0.267624
1981,cotton,texas,7217600,7477700,2718240000,0.1705536
1981,cotton,albama,372000,377000,422000,0.247212
1981,cotton,georgia,175000,180000,76320000,0.1977696
1981,cotton,mississippi,1200000,1230000,751200000,0.2839536
1981,cotton,usa,13841200,14330100,7509936000,0.2458512
1980,cotton,texas,6872500,7873000,1605600000,0.1061424
1980,cotton,albama,321000,325000,275000,0.1864296
1980,cotton,georgia,160000,170000,41280000,0.1170288
1980,cotton,mississippi,1125000,1150000,548640000,0.2213568
1980,cotton,usa,13214800,14533800,5338608000,0.1832544
1979,cotton,texas,6830900,7731100,2658720000,0.1764504
1979,cotton,albama,305000,310000,324000,0.231336
1979,cotton,georgia,150000,155000,72960000,0.2204496
1979,cotton,mississippi,1050000,1090000,689760000,0.2980152
1979,cotton,usa,12830900,13977500,7022064000,0.2481192
1978,cotton,texas,6228000,6979000,1832928000,0.1333584
1978,cotton,albama,315000,325000,291000,0.2009448
1978,cotton,georgia,115000,120000,53280000,0.2100168
1978,cotton,mississippi,1180000,1200000,661440000,0.2544696
1978,cotton,usa,12400000,13375100,5210784000,0.190512
1977,cotton,texas,6472500,6673000,2640000000,0.1850688
1977,cotton,albama,395000,405000,277000,0.1528632
1977,cotton,georgia,170000,230000,39360000,0.1052352
1977,cotton,mississippi,1360000,1380000,789600000,0.2635416
1977,cotton,usa,13275300,13679500,6906816000,0.235872
1976,cotton,texas,4508000,4808600,1590912000,0.1601208
1976,cotton,albama,420000,440000,349000,0.1809864
1976,cotton,georgia,240000,255000,95520000,0.1805328
1976,cotton,mississippi,1470000,1530000,552480000,0.1705536
1976,cotton,usa,10913500,11635500,5078688000,0.210924
1975,cotton,texas,3923500,4375600,1148784000,0.1329048
1975,cotton,albama,370000,385000,312000,0.183708
1975,cotton,georgia,160000,165000,71040000,0.2009448
1975,cotton,mississippi,1100000,1140000,499200000,0.2059344
1975,cotton,usa,8796000,9477600,3984768000,0.2054808
1974,cotton,texas,4432800,5233900,1193520000,0.1220184
1974,cotton,albama,585000,600000,522000,0.1945944
1974,cotton,georgia,410000,423000,201120000,0.222264
1974,cotton,mississippi,1710000,1780000,765600000,0.2032128
1974,cotton,usa,12546600,13679400,5539248000,0.2004912
1973,cotton,texas,,,,0
1973,cotton,albama,510000,525000,449000,0.1918728
1973,cotton,georgia,375000,386000,187200000,0.2263464
1973,cotton,mississippi,1340000,1370000,871680000,0.2952936
1973,cotton,usa,11970200,12479700,6227520000,0.235872
1972,cotton,texas,,,,0
1972,cotton,albama,580000,601000,567000,0.213192
1972,cotton,georgia,430000,461000,169920000,0.179172
1972,cotton,mississippi,1606000,1664000,963360000,0.2717064
1972,cotton,usa,12983800,14001300,6577968000,0.2299752
1971,cotton,texas,,,,0
1971,cotton,albama,558000,579000,640000,0.2499336
1971,cotton,georgia,385000,426000,179520000,0.2113776
1971,cotton,mississippi,1325000,1355000,812640000,0.2780568
1971,cotton,usa,11470900,12354900,5028960000,0.1986768
1970,cotton,texas,,,,0
1970,cotton,albama,538000,565000,507000,0.2054808
1970,cotton,georgia,375000,408000,140160000,0.1691928
1970,cotton,mississippi,1190000,1235000,782880000,0.2984688
1970,cotton,usa,11155000,11945200,4892208000,0.1986768
1969,cotton,texas,,,,0
1969,cotton,albama,540000,566000,460000,0.1855224
1969,cotton,georgia,385000,410000,135360000,0.1592136
1969,cotton,mississippi,1185000,1225000,633120000,0.2422224
1969,cotton,usa,11051100,11882500,4795296000,0.1968624
1968,cotton,texas,,,,0
1968,cotton,albama,525000,555000,396000,0.1642032
1968,cotton,georgia,395000,410000,127200000,0.1460592
1968,cotton,mississippi,1105000,1155000,729120000,0.299376
1968,cotton,usa,10159300,10912900,5244336000,0.2340576
1967,cotton,texas,,,,0
1967,cotton,albama,340000,513000,200000,0.1279152
1967,cotton,georgia,267000,335000,108960000,0.1850688
1967,cotton,mississippi,890000,955000,504480000,0.2571912
1967,cotton,usa,7997300,9449600,3572832000,0.2027592
1966,cotton,texas,,,,0
1966,cotton,albama,564000,589000,460000,0.1778112
1966,cotton,georgia,380000,403000,151200000,0.1805328
1966,cotton,mississippi,993000,1032000,648000000,0.2962008
1966,cotton,usa,9552600,10349400,4587264000,0.217728
1965,cotton,texas,,,,0
1965,cotton,albama,809000,830000,852000,0.229068
1965,cotton,georgia,577000,593000,269280000,0.2118312
1965,cotton,mississippi,1430000,1471000,969600000,0.3075408
1965,cotton,usa,13612700,14152300,7170192000,0.2390472
1964,cotton,texas,,,,0
1964,cotton,albama,831000,847000,887000,0.2322432
1964,cotton,georgia,632000,646000,295200000,0.2118312
1964,cotton,mississippi,1460000,1498000,1068480000,0.3320352
1964,cotton,usa,14054600,14835600,7269552000,0.2345112
1963,cotton,texas,5850000,6225000,2116320000,0.1642032
1963,cotton,albama,832000,848000,885000,0.2317896
1963,cotton,georgia,639000,653000,289440000,0.2054808
1963,cotton,mississippi,1438000,1485000,1019520000,0.3216024
1963,cotton,usa,14212000,14843000,7360320000,0.2345112
1962,cotton,texas,6500000,6920000,2263680000,0.1578528
1962,cotton,albama,900000,917000,695000,0.1682856
1962,cotton,georgia,692000,710000,255840000,0.1673784
1962,cotton,mississippi,1585000,1635000,812160000,0.2322432
1962,cotton,usa,15569000,16293000,7136160000,0.2072952
1961,cotton,texas,6560000,7080000,2292960000,0.15876
1961,cotton,albama,905000,942000,616000,0.1483272
1961,cotton,georgia,693000,718000,245280000,0.1605744
1961,cotton,mississippi,1580000,1665000,778080000,0.2236248
1961,cotton,usa,15634000,16588000,6872640000,0.1986768
1960,cotton,texas,6325000,6800000,2083200000,0.1492344
1960,cotton,albama,860000,878000,755000,0.1909656
1960,cotton,georgia,653000,675000,241920000,0.1682856
1960,cotton,mississippi,1520000,1580000,738240000,0.2204496
1960,cotton,usa,15309000,16080000,6850560000,0.2023056
1959,cotton,texas,6350000,6775000,2118240000,0.1515024
1959,cotton,albama,835000,855000,717000,0.1868832
1959,cotton,georgia,655000,678000,249600000,0.1728216
1959,cotton,mississippi,1475000,1535000,750720000,0.2308824
1959,cotton,usa,15117000,15833000,6987840000,0.2091096
1958,cotton,texas,5395000,5675000,2068320000,0.1737288
1958,cotton,albama,530000,540000,439000,0.1805328
1958,cotton,georgia,381000,388000,168480000,0.2009448
1958,cotton,mississippi,1125000,1185000,460320000,0.1855224
1958,cotton,usa,11849000,12379000,5525760000,0.2113776
1957,cotton,texas,5905000,6260000,1742880000,0.133812
1957,cotton,albama,735000,747000,530000,0.1569456
1957,cotton,georgia,570000,581000,189600000,0.1510488
1957,cotton,mississippi,1335000,1400000,517920000,0.1759968
1957,cotton,usa,13558000,14310000,5262720000,0.1759968
1956,cotton,texas,6200000,7240000,1735200000,0.127008
1956,cotton,albama,972000,1005000,750000,0.167832
1956,cotton,georgia,830000,862000,277440000,0.1515024
1956,cotton,mississippi,1595000,1655000,770880000,0.2190888
1956,cotton,usa,15615000,17077000,6388800000,0.1855224
1955,cotton,texas,6900000,7670000,1939200000,0.1274616
1955,cotton,albama,1050000,1065000,1045000,0.2168208
1955,cotton,georgia,895000,915000,336000000,0.1705536
1955,cotton,mississippi,1700000,1755000,968640000,0.258552
1955,cotton,usa,16928000,17991000,7066080000,0.1891512
1954,cotton,texas,7730000,8250000,1892160000,0.111132
1954,cotton,albama,1170000,1186000,727000,0.1351728
1954,cotton,georgia,1025000,1044000,293280000,0.1297296
1954,cotton,mississippi,1960000,2010000,752160000,0.1741824
1954,cotton,usa,19251000,20052000,6574560000,0.1546776
1953,cotton,texas,8900000,10650000,2072160000,0.1056888
1953,cotton,albama,1620000,1649000,963000,0.129276
1953,cotton,georgia,1375000,1400000,360480000,0.1188432
1953,cotton,mississippi,2490000,2670000,1019520000,0.185976
1953,cotton,usa,24341000,26872000,7903200000,0.1469664
1952,cotton,texas,10700000,12375000,1827840000,0.0775656
1952,cotton,albama,1585000,1605000,890000,0.1220184
1952,cotton,georgia,1455000,1480000,350880000,0.1093176
1952,cotton,mississippi,2416000,2465000,914880000,0.1714608
1952,cotton,usa,25921000,28065000,7266720000,0.127008
1951,cotton,texas,11850000,13315000,1955520000,0.074844
1951,cotton,albama,1490000,1530000,909000,0.1329048
1951,cotton,georgia,1410000,1435000,448800000,0.1442448
1951,cotton,mississippi,2340000,2490000,771840000,0.1492344
1951,cotton,usa,26949000,29353000,7271520000,0.1220184
1950,cotton,texas,6700000,7125000,1414080000,0.0957096
1950,cotton,albama,1305000,1335000,575000,0.0961632
1950,cotton,georgia,1030000,1060000,235200000,0.1034208
1950,cotton,mississippi,2030000,2090000,639360000,0.1424304
1950,cotton,usa,17843000,18866000,4806720000,0.1220184
1949,cotton,texas,11100000,11325000,2899200000,0.1183896
1949,cotton,albama,1890000,1925000,851000,0.0979776
1949,cotton,georgia,1560000,1600000,289920000,0.083916
1949,cotton,mississippi,2730000,2895000,713760000,0.1183896
1949,cotton,usa,27439000,28283000,7741440000,0.1279152
1948,cotton,texas,8613000,8970000,1513440000,0.0798336
1948,cotton,albama,1630000,1650000,1197000,0.1601208
1948,cotton,georgia,1289000,1305000,360480000,0.1265544
1948,cotton,mississippi,2560000,2595000,1129440000,0.2000376
1948,cotton,usa,22911000,23576000,7140960000,0.1410696
1947,cotton,texas,8352000,8520000,1649760000,0.0898128
1947,cotton,albama,1500000,1515000,931000,0.1351728
1947,cotton,georgia,1274000,1285000,313440000,0.1115856
1947,cotton,mississippi,2350000,2400000,753120000,0.145152
1947,cotton,usa,21330000,21786000,5692800000,0.1211112
1946,cotton,texas,6000000,6520000,801120000,0.0607824
1946,cotton,albama,1530000,1555000,822000,0.1170288
1946,cotton,georgia,1210000,1220000,267360000,0.1002456
1946,cotton,mississippi,2220000,2375000,502560000,0.1025136
1946,cotton,usa,17584000,18638000,4147200000,0.1070496
1945,cotton,texas,5800000,6205000,861120000,0.0675864
1945,cotton,albama,1379000,1400000,931000,0.1469664
1945,cotton,georgia,1250000,1265000,321120000,0.1165752
1945,cotton,mississippi,2240000,2305000,748800000,0.1515024
1945,cotton,usa,17029000,18092000,4327200000,0.1152144
1944,cotton,texas,6950000,7240000,1414080000,0.0830088
1944,cotton,albama,1393000,1405000,1006000,0.1573992
1944,cotton,georgia,1335000,1345000,388800000,0.1324512
1944,cotton,mississippi,2325000,2380000,929760000,0.18144
1944,cotton,usa,19617000,20221000,5870400000,0.1356264
1943,cotton,texas,7780000,7915000,1355040000,0.0789264
1943,cotton,albama,1620000,1627000,959000,0.129276
1943,cotton,georgia,1610000,1618000,406560000,0.1147608
1943,cotton,mississippi,2500000,2515000,883680000,0.1605744
1943,cotton,usa,21610000,21900000,5484960000,0.1152144
1942,cotton,texas,8044000,8430000,1458240000,0.0825552
1942,cotton,albama,1702000,1722000,925000,0.1183896
1942,cotton,georgia,1714000,1735000,410400000,0.108864
1942,cotton,mississippi,2392000,2438000,944640000,0.179172
1942,cotton,usa,22602000,23302000,6152160000,0.1233792
1941,cotton,texas,7717000,8119000,1272960000,0.074844
1941,cotton,albama,1746000,1791000,790000,0.0984312
1941,cotton,georgia,1817000,1866000,299520000,0.074844
1941,cotton,mississippi,2374000,2458000,683520000,0.1306368
1941,cotton,usa,22236000,23130000,5157120000,0.1052352
1940,cotton,texas,8472000,8873000,1552320000,0.0834624
1940,cotton,albama,1961000,2037000,779000,0.086184
1940,cotton,georgia,1935000,1981000,484800000,0.1134
1940,cotton,mississippi,2500000,2658000,600000000,0.108864
1940,cotton,usa,23861000,24871000,6031680000,0.1147608
1939,cotton,texas,8520000,8874000,1366080000,0.072576
1939,cotton,albama,2020000,2100000,785000,0.0843696
1939,cotton,georgia,1929000,1989000,439200000,0.1029672
1939,cotton,mississippi,2540000,2662000,759360000,0.1356264
1939,cotton,usa,23805000,24683000,5672160000,0.1079568
1938,cotton,texas,8784000,9163000,1481280000,0.0762048
1938,cotton,albama,2058000,2079000,1081000,0.1138536
1938,cotton,georgia,2009000,2064000,408960000,0.0920808
1938,cotton,mississippi,2533000,2622000,817920000,0.1460592
1938,cotton,usa,24248000,25018000,5732640000,0.1070496
1937,cotton,texas,12539000,12769000,2473920000,0.0893592
1937,cotton,albama,2694000,2705000,1631000,0.131544
1937,cotton,georgia,2661000,2674000,720000000,0.122472
1937,cotton,mississippi,3421000,3449000,1292160000,0.1710072
1937,cotton,usa,33623000,34090000,9094080000,0.122472
1936,cotton,texas,11597000,12080000,1407840000,0.0548856
1936,cotton,albama,2321000,2335000,1145000,0.1070496
1936,cotton,georgia,2276000,2299000,521280000,0.1034208
1936,cotton,mississippi,2998000,3010000,917280000,0.138348
1936,cotton,usa,29755000,30627000,5951520000,0.0902664
1935,cotton,texas,10657000,10964000,1418880000,0.0603288
1935,cotton,albama,2243000,2252000,1059000,0.1025136
1935,cotton,georgia,2155000,2172000,508320000,0.106596
1935,cotton,mississippi,2740000,2762000,604320000,0.099792
1935,cotton,usa,27509000,28063000,5106240000,0.083916
1934,cotton,texas,10097000,10685000,1152480000,0.0517104
1934,cotton,albama,2133000,2144000,950000,0.0966168
1934,cotton,georgia,2142000,2164000,464640000,0.0979776
1934,cotton,mississippi,2530000,2556000,548160000,0.0979776
1934,cotton,usa,26866000,27860000,4625280000,0.0780192
1933,cotton,texas,11069000,15623000,2125440000,0.0870912
1933,cotton,albama,2318000,3150000,969000,0.09072
1933,cotton,georgia,2162000,2870000,529440000,0.1106784
1933,cotton,mississippi,2830000,3791000,556320000,0.0889056
1933,cotton,usa,29383000,40248000,6262560000,0.0966168
1932,cotton,texas,13334000,13592000,2160000000,0.0734832
1932,cotton,albama,3019000,3059000,947000,0.06804
1932,cotton,georgia,2648000,2702000,409440000,0.0698544
1932,cotton,mississippi,3788000,3846000,566400000,0.0675864
1932,cotton,usa,35891000,36494000,6241440000,0.0789264
1931,cotton,texas,14754000,14979000,2553600000,0.0784728
1931,cotton,albama,3271000,3294000,1415000,0.0938952
1931,cotton,georgia,3094000,3113000,668160000,0.097524
1931,cotton,mississippi,3994000,4030000,845280000,0.0957096
1931,cotton,usa,38704000,39110000,8206560000,0.0961632
1930,cotton,texas,16138000,16689000,1937760000,0.054432
1930,cotton,albama,3582000,3596000,1467000,0.0889056
1930,cotton,georgia,3426000,3464000,764160000,0.1006992
1930,cotton,mississippi,4142000,4163000,702720000,0.0766584
1930,cotton,usa,42444000,43329000,6687360000,0.0712152
1929,cotton,texas,16875000,17578000,1891200000,0.0508032
1929,cotton,albama,3556000,3599000,1337000,0.081648
1929,cotton,georgia,3376000,3434000,644160000,0.086184
1929,cotton,mississippi,4037000,4098000,919200000,0.1029672
1929,cotton,usa,43232000,44448000,7116000000,0.0743904
1928,cotton,texas,16887000,17409000,2450400000,0.065772
1928,cotton,albama,3437000,3532000,1107000,0.0698544
1928,cotton,georgia,3274000,3375000,493440000,0.06804
1928,cotton,mississippi,3875000,3954000,708000000,0.0825552
1928,cotton,usa,42434000,43737000,6948960000,0.0739368
1927,cotton,texas,15689000,16108000,2088960000,0.0603288
1927,cotton,albama,3146000,3184000,1190000,0.0821016
1927,cotton,georgia,3056000,3134000,528000000,0.0780192
1927,cotton,mississippi,3323000,3377000,650400000,0.088452
1927,cotton,usa,38342000,39471000,6218880000,0.0734832
1926,cotton,texas,17749000,18393000,2701440000,0.0689472
1926,cotton,albama,3470000,3523000,1494000,0.0934416
1926,cotton,georgia,3593000,3648000,718080000,0.0902664
1926,cotton,mississippi,3732000,3777000,906240000,0.1097712
1926,cotton,usa,44608000,45839000,8629440000,0.0875448
1925,cotton,texas,17336000,18443000,1998240000,0.052164
1925,cotton,albama,3314000,3341000,1352000,0.088452
1925,cotton,georgia,3288000,3372000,558720000,0.0766584
1925,cotton,mississippi,3618000,3644000,955680000,0.1192968
1925,cotton,usa,44386000,45968000,7730400000,0.0789264
1924,cotton,texas,17049000,17631000,2375520000,0.0630504
1924,cotton,albama,2939000,2990000,984000,0.072576
1924,cotton,georgia,2677000,2732000,481920000,0.0811944
1924,cotton,mississippi,2999000,3051000,527520000,0.07938
1924,cotton,usa,39501000,40690000,6542400000,0.074844
1923,cotton,texas,14851000,15310000,2083200000,0.063504
1923,cotton,albama,3006000,3093000,585000,0.0421848
1923,cotton,georgia,2648000,2891000,282240000,0.0480816
1923,cotton,mississippi,2971000,3111000,289920000,0.0439992
1923,cotton,usa,35550000,37000000,4867200000,0.0616896
1922,cotton,texas,11963000,12270000,1546560000,0.0585144
1922,cotton,albama,2599000,2666000,821000,0.0684936
1922,cotton,georgia,2868000,2972000,343200000,0.0539784
1922,cotton,mississippi,2902000,2940000,474720000,0.0739368
1922,cotton,usa,31361000,32176000,4682400000,0.0675864
1921,cotton,texas,10426000,10860000,1055040000,0.0458136
1921,cotton,albama,2127000,2168000,579000,0.058968
1921,cotton,georgia,3476000,3576000,377760000,0.0489888
1921,cotton,mississippi,2590000,2643000,390240000,0.06804
1921,cotton,usa,28678000,29716000,3813600000,0.0603288
1920,cotton,texas,12323000,12972000,2085600000,0.0766584
1920,cotton,albama,2546000,2614000,661000,0.0562464
1920,cotton,georgia,4332000,4466000,679200000,0.0707616
1920,cotton,mississippi,2891000,3005000,429600000,0.0671328
1920,cotton,usa,34408000,35872000,6445920000,0.0848232
1919,cotton,texas,11165000,11878000,1487520000,0.0603288
1919,cotton,albama,2556000,2651000,711000,0.0603288
1919,cotton,georgia,4776000,4975000,796320000,0.0752976
1919,cotton,mississippi,2854000,3069000,461280000,0.0730296
1919,cotton,usa,32906000,34573000,5477280000,0.0752976
1918,cotton,texas,11851000,12475000,1294560000,0.0494424
1918,cotton,albama,2449000,2484000,799000,0.0707616
1918,cotton,georgia,4903000,4963000,1018560000,0.0938952
1918,cotton,mississippi,2964000,2985000,588480000,0.0898128
1918,cotton,usa,35038000,36123000,5768640000,0.0743904
1917,cotton,texas,11339000,11738000,1500000000,0.0598752
1917,cotton,albama,2033000,2070000,515000,0.0548856
1917,cotton,georgia,4551000,4620000,904320000,0.0898128
1917,cotton,mississippi,2476000,2498000,434880000,0.07938
1917,cotton,usa,32245000,33064000,5416320000,0.0757512
1916,cotton,texas,10954000,11121000,1788480000,0.0739368
1916,cotton,albama,2664000,2834000,530000,0.043092
1916,cotton,georgia,5062000,5219000,874080000,0.0780192
1916,cotton,mississippi,3106000,3252000,389760000,0.0567
1916,cotton,usa,33071000,33977000,5495040000,0.0752976
1915,cotton,texas,10523000,10716000,1548960000,0.0666792
1915,cotton,albama,3138000,3189000,1018000,0.070308
1915,cotton,georgia,4608000,4683000,916320000,0.0898128
1915,cotton,mississippi,2580000,2603000,457920000,0.0802872
1915,cotton,usa,29951000,30544000,5362560000,0.0811944
1914,cotton,texas,12020000,12265000,2204160000,0.0830088
1914,cotton,albama,3801000,3859000,1748000,0.099792
1914,cotton,georgia,5157000,5209000,1304640000,0.1143072
1914,cotton,mississippi,2936000,2972000,598080000,0.0920808
1914,cotton,usa,35615000,36197000,7733760000,0.0979776
1913,cotton,texas,12352000,12540000,1893600000,0.0694008
1913,cotton,albama,3518000,3554000,1493000,0.0920808
1913,cotton,georgia,4711000,4759000,1112160000,0.106596
1913,cotton,mississippi,2961000,3003000,629280000,0.0961632
1913,cotton,usa,35206000,35721000,6793440000,0.0870912
1912,cotton,texas,11134000,11246000,2342400000,0.095256
1912,cotton,albama,3561000,3634000,1340000,0.081648
1912,cotton,georgia,4690000,4810000,852960000,0.0821016
1912,cotton,mississippi,2863000,2936000,502080000,0.07938
1912,cotton,usa,32557000,33199000,6577440000,0.0911736
1911,cotton,texas,11261000,11491000,2042880000,0.0821016
1911,cotton,albama,3833000,3872000,1715000,0.0970704
1911,cotton,georgia,4958000,5034000,1329120000,0.1211112
1911,cotton,mississippi,3389000,3458000,577920000,0.077112
1911,cotton,usa,34916000,35634000,7533120000,0.097524
1910,cotton,texas,10212000,10474000,1463520000,0.0648648
1910,cotton,albama,3456000,3534000,1193000,0.074844
1910,cotton,georgia,4539000,4718000,848160000,0.0843696
1910,cotton,mississippi,3322000,3439000,606240000,0.0825552
1910,cotton,usa,31508000,32480000,5572320000,0.0798336
1909,cotton,texas,9900000,10312000,1211040000,0.0553392
1909,cotton,albama,3466000,3566000,1023000,0.0639576
1909,cotton,georgia,4536000,4652000,865920000,0.086184
1909,cotton,mississippi,3237000,3407000,519840000,0.072576
1909,cotton,usa,30555000,31744000,4802400000,0.0712152
1908,cotton,texas,9377000,,1830720000,0.088452
1908,cotton,albama,3494000,,1344000,0.0834624
1908,cotton,georgia,4590000,,926880000,0.0911736
1908,cotton,mississippi,3445000,,794880000,0.104328
1908,cotton,usa,31091000,,6355680000,0.0925344
1907,cotton,texas,9262000,,1104000000,0.0539784
1907,cotton,albama,3304000,,1113000,0.0730296
1907,cotton,georgia,4449000,,871680000,0.088452
1907,cotton,mississippi,3443000,,704640000,0.0925344
1907,cotton,usa,30729000,,5330880000,0.0784728
1906,cotton,texas,9265000,,2003520000,0.0979776
1906,cotton,albama,3510000,,1262000,0.0780192
1906,cotton,georgia,4475000,,764640000,0.077112
1906,cotton,mississippi,3628000,,734880000,0.0916272
1906,cotton,usa,31404000,,6371520000,0.0916272
1905,cotton,texas,8018000,,1220160000,0.0689472
1905,cotton,albama,3255000,,1239000,0.0825552
1905,cotton,georgia,3829000,,807840000,0.095256
1905,cotton,mississippi,3354000,,575520000,0.0775656
1905,cotton,usa,27753000,,5076480000,0.0825552
1904,cotton,texas,8658000,,1509600000,0.0789264
1904,cotton,albama,3394000,,1448000,0.0925344
1904,cotton,georgia,3919000,,906240000,0.104328
1904,cotton,mississippi,3841000,,863520000,0.1016064
1904,cotton,usa,30077000,,6450240000,0.0970704
1903,cotton,texas,8117000,,1186080000,0.0662256
1903,cotton,albama,3105000,,986000,0.0689472
1903,cotton,georgia,3985000,,608160000,0.0689472
1903,cotton,mississippi,3591000,,687840000,0.0866376
1903,cotton,usa,27762000,,4728480000,0.077112
1902,cotton,texas,8206000,,1199040000,0.0662256
1902,cotton,albama,3390000,,956000,0.061236
1902,cotton,georgia,3828000,,684000000,0.0807408
1902,cotton,mississippi,3354000,,693120000,0.0934416
1902,cotton,usa,27561000,,5102400000,0.083916
1901,cotton,texas,8105000,,1200960000,0.0671328
1901,cotton,albama,3512000,,1101000,0.06804
1901,cotton,georgia,3695000,,631200000,0.077112
1901,cotton,mississippi,3210000,,602400000,0.0848232
1901,cotton,usa,27050000,,4563840000,0.0762048
1900,cotton,texas,7363000,,1650240000,0.1016064
1900,cotton,albama,3201000,,1024000,0.0694008
1900,cotton,georgia,3422000,,577440000,0.0762048
1900,cotton,mississippi,3092000,,502560000,0.0734832
1900,cotton,usa,24886000,,4859520000,0.088452
1899,cotton,texas,6950000,,1252320000,0.081648
1899,cotton,albama,3203000,,1079000,0.0730296
1899,cotton,georgia,3521000,,590880000,0.0757512
1899,cotton,mississippi,2902000,,594240000,0.0925344
1899,cotton,usa,24163000,,4486080000,0.083916
1898,cotton,texas,7084000,,1627200000,0.1061424
1898,cotton,albama,3274000,,1185000,0.0802872
1898,cotton,georgia,3540000,,667200000,0.0870912
1898,cotton,mississippi,2886000,,603360000,0.0966168
1898,cotton,usa,24715000,,5413440000,0.1011528
1897,cotton,texas,7159000,,1354560000,0.086184
1897,cotton,albama,3271000,,1113000,0.0743904
1897,cotton,georgia,3539000,,648480000,0.0834624
1897,cotton,mississippi,2917000,,732000000,0.1143072
1897,cotton,usa,25131000,,5231520000,0.0948024
1896,cotton,texas,6329000,,1019040000,0.072576
1896,cotton,albama,3060000,,834000,0.058968
1896,cotton,georgia,3462000,,623520000,0.0811944
1896,cotton,mississippi,2893000,,576480000,0.0898128
1896,cotton,usa,23230000,,4095840000,0.07938
1895,cotton,texas,5163000,,914400000,0.0798336
1895,cotton,albama,2639000,,664000,0.054432
1895,cotton,georgia,3066000,,512160000,0.0752976
1895,cotton,mississippi,2584000,,486240000,0.0848232
1895,cotton,usa,19839000,,3437760000,0.0780192
1894,cotton,texas,5612000,,1541760000,0.1256472
1894,cotton,albama,2840000,,892000,0.0689472
1894,cotton,georgia,3402000,,593760000,0.0798336
1894,cotton,mississippi,2841000,,586080000,0.0943488
1894,cotton,usa,21886000,,4363680000,0.0993384
1893,cotton,texas,4930000,,958560000,0.0870912
1893,cotton,albama,2742000,,810000,0.063504
1893,cotton,georgia,3118000,,480000000,0.0689472
1893,cotton,mississippi,2735000,,504000000,0.0825552
1893,cotton,usa,20256000,,3596640000,0.07938
1892,cotton,texas,4521000,,1078080000,0.1070496
1892,cotton,albama,2663000,,628000,0.0508032
1892,cotton,georgia,2850000,,385920000,0.0607824
1892,cotton,mississippi,2684000,,412320000,0.0689472
1892,cotton,usa,18869000,,3216000000,0.0766584
1891,cotton,texas,4925000,,1154400000,0.1047816
1891,cotton,albama,3011000,,1012000,0.0721224
1891,cotton,georgia,3408000,,504960000,0.0662256
1891,cotton,mississippi,3079000,,637440000,0.0925344
1891,cotton,usa,21503000,,4336800000,0.0902664
1890,cotton,texas,4177000,,958080000,0.1025136
1890,cotton,albama,2961000,,1058000,0.0766584
1890,cotton,georgia,3484000,,579840000,0.0743904
1890,cotton,mississippi,3015000,,605760000,0.0898128
1890,cotton,usa,20937000,,4153440000,0.0889056
1889,cotton,texas,3928000,,706080000,0.0811944
1889,cotton,albama,2768000,,915000,0.0716688
1889,cotton,georgia,3352000,,572160000,0.077112
1889,cotton,mississippi,2891000,,554400000,0.0866376
1889,cotton,usa,20191000,,3587040000,0.0802872
1888,cotton,texas,3783000,,765120000,0.0911736
1888,cotton,albama,2859000,,905000,0.0684936
1888,cotton,georgia,3182000,,457920000,0.0648648
1888,cotton,mississippi,2743000,,507840000,0.0834624
1888,cotton,usa,19520000,,3330240000,0.077112
1887,cotton,texas,3570000,,763200000,0.0943488
1887,cotton,albama,2802000,,846000,0.0639576
1887,cotton,georgia,3084000,,456480000,0.0653184
1887,cotton,mississippi,2693000,,512160000,0.083916
1887,cotton,usa,18793000,,3382560000,0.07938
1886,cotton,texas,3329000,,726720000,0.0957096
1886,cotton,albama,2817000,,759000,0.0567
1886,cotton,georgia,3082000,,417600000,0.0594216
1886,cotton,mississippi,2668000,,452640000,0.0743904
1886,cotton,usa,18370000,,3122400000,0.0743904
1885,cotton,texas,3115000,,639360000,0.0898128
1885,cotton,albama,2793000,,760000,0.0571536
1885,cotton,georgia,3130000,,460800000,0.0644112
1885,cotton,mississippi,2578000,,489120000,0.0830088
1885,cotton,usa,17922000,,3156480000,0.077112
1884,cotton,texas,2808000,,477600000,0.0739368
1884,cotton,albama,2739000,,649000,0.0494424
1884,cotton,georgia,2970000,,387360000,0.0567
1884,cotton,mississippi,2389000,,423840000,0.077112
1884,cotton,usa,16849000,,2727360000,0.070308
1883,cotton,texas,2723000,,537600000,0.086184
1883,cotton,albama,2603000,,631000,0.0508032
1883,cotton,georgia,2879000,,361920000,0.0548856
1883,cotton,mississippi,2280000,,433440000,0.0830088
1883,cotton,usa,16295000,,2742240000,0.0734832
1882,cotton,texas,2501000,,636000000,0.1129464
1882,cotton,albama,2535000,,809000,0.06804
1882,cotton,georgia,2835000,,451680000,0.0707616
1882,cotton,mississippi,2230000,,510240000,0.1016064
1882,cotton,usa,15638000,,3335520000,0.0948024
1881,cotton,texas,2553000,,416640000,0.0694008
1881,cotton,albama,2647000,,700000,0.0539784
1881,cotton,georgia,3000000,,384000000,0.054432
1881,cotton,mississippi,3354000,,424320000,0.0766584
1881,cotton,usa,16483000,,2618880000,0.0675864
1880,cotton,texas,2473000,,611520000,0.1075032
1880,cotton,albama,2553000,,877000,0.0716688
1880,cotton,georgia,2875000,,504000000,0.0762048
1880,cotton,mississippi,2265000,,434880000,0.0834624
1880,cotton,usa,15921000,,3170880000,0.0866376
1879,cotton,texas,2175000,,386400000,0.0762048
1879,cotton,albama,2337000,,700000,0.0616896
1879,cotton,georgia,2621000,,390720000,0.0639576
1879,cotton,mississippi,2102000,,462240000,0.0943488
1879,cotton,usa,14474000,,2762880000,0.0821016
1878,cotton,texas,1993000,,513600000,0.108864
1878,cotton,albama,2160000,,522000,0.0489888
1878,cotton,georgia,2343000,,259200000,0.0467208
1878,cotton,mississippi,2025000,,348000000,0.072576
1878,cotton,usa,13539000,,2435520000,0.0762048
1877,cotton,texas,1838000,,298080000,0.0689472
1877,cotton,albama,2006000,,673000,0.0684936
1877,cotton,georgia,2133000,,245760000,0.0489888
1877,cotton,mississippi,1964000,,385440000,0.0834624
1877,cotton,usa,12606000,,2291040000,0.077112
1876,cotton,texas,1562000,,334080000,0.0889056
1876,cotton,albama,1875000,,537000,0.0571536
1876,cotton,georgia,2000000,,244320000,0.0508032
1876,cotton,mississippi,1822000,,367680000,0.083916
1876,cotton,usa,11747000,,2147520000,0.0762048
1875,cotton,texas,1530000,,390240000,0.1070496
1875,cotton,albama,1779000,,557000,0.0630504
1875,cotton,georgia,1972000,,198240000,0.0421848
1875,cotton,mississippi,1790000,,418080000,0.0979776
1875,cotton,usa,11348000,,2222880000,0.0821016
1874,cotton,texas,1384000,,247680000,0.0743904
1874,cotton,albama,1646000,,475000,0.0576072
1874,cotton,georgia,1949000,,242400000,0.0517104
1874,cotton,mississippi,1701000,,291360000,0.0712152
1874,cotton,usa,10753000,,1841280000,0.0712152
1873,cotton,texas,1308000,,284160000,0.0911736
1873,cotton,albama,1826000,,551000,0.0607824
1873,cotton,georgia,1823000,,313440000,0.0721224
1873,cotton,mississippi,1846000,,343200000,0.0780192
1873,cotton,usa,10998000,,2000640000,0.0762048
1872,cotton,texas,1004000,,224640000,0.0938952
1872,cotton,albama,1600000,,537000,0.0675864
1872,cotton,georgia,1523000,,286560000,0.0789264
1872,cotton,mississippi,1716000,,358080000,0.0875448
1872,cotton,usa,9580000,,1887840000,0.0825552
1871,cotton,texas,867000,,177600000,0.0857304
1871,cotton,albama,1384000,,431000,0.0625968
1871,cotton,georgia,1291000,,179040000,0.0580608
1871,cotton,mississippi,1514000,,267360000,0.0739368
1871,cotton,usa,8285000,,1427520000,0.0721224
1870,cotton,texas,922000,,255360000,0.115668
1870,cotton,albama,1501000,,584000,0.0780192
1870,cotton,georgia,1432000,,272160000,0.07938
1870,cotton,mississippi,1698000,,398400000,0.0979776
1870,cotton,usa,9238000,,2088960000,0.0943488
1869,cotton,texas,720000,,168480000,0.088452
1869,cotton,albama,1271000,,429000,0.061236
1869,cotton,georgia,1247000,,227520000,0.0689472
1869,cotton,mississippi,1468000,,271200000,0.0698544
1869,cotton,usa,7751000,,1445280000,0.070308
1868,cotton,texas,581000,,123840000,0.0893592
1868,cotton,albama,1185000,,283000,0.0480816
1868,cotton,georgia,991000,,138240000,0.0585144
1868,cotton,mississippi,1290000,,191040000,0.0621432
1868,cotton,usa,6973000,,1135680000,0.0684936
1867,cotton,texas,491000,,103200000,0.088452
1867,cotton,albama,1183000,,404000,0.0689472
1867,cotton,georgia,1033000,,201600000,0.0821016
1867,cotton,mississippi,1569000,,157440000,0.0421848
1867,cotton,usa,7864000,,1209600000,0.0648648
1866,cotton,texas,490000,,172320000,0.14742
1866,cotton,albama,977000,,264000,0.054432
1866,cotton,georgia,895000,,118080000,0.0553392
1866,cotton,mississippi,1668000,,155040000,0.0390096
1866,cotton,usa,7666000,,1006560000,0.0553392
2012,grape,california,,793000,6956000000,8.77
2011,grape,california,,796000,6682000000,8.39
2010,grape,california,,792000,6773000000,8.55
2009,grape,california,,789000,6557000000,8.31
2008,grape,california,,786000,6548000000,8.33
2007,grape,california,,789000,6230000000,7.9
2006,grape,california,,797000,5726000000,7.18
2005,grape,california,,800000,6963000000,8.7
2004,grape,california,,800000,5623000000,7.03
2003,grape,california,,819000,5861000000,7.16
2002,grape,california,,820000,6696000000,8.17
2001,grape,california,,803000,5979000000,7.45
2000,grape,california,,827000,7059000000,8.54
1999,grape,california,,790000,5542000000,7.02
1998,grape,california,,743000,5290000000,7.12
1997,grape,california,,725000,6648000000,9.17
1996,grape,california,,700000,5009000000,7.16
1995,grape,california,,675000,5234000000,8.05
1994,grape,california,,670000,5256000000,7.84
1993,grape,california,,655800,5383000000,8.21
1992,grape,california,,644300,5460000000,8.47
1991,grape,california,,636500,4980000000,7.82
1990,grape,california,,639000,5185000000,8.11
1989,grape,california,,641700,5390000000,8.4
1988,grape,california,,656400,5520000000,8.41
1987,grape,california,,662800,4660000000,7.03
1986,grape,california,,670700,4770000000,7.11
1985,grape,california,,682200,5207000000,7.63
1984,grape,california,,667800,4670000000,6.99
1983,grape,california,,644400,4919000000,7.63
1982,grape,california,,618400,6076000000,9.83
1981,grape,california,,593500,3993000000,6.73
1980,grape,california,,597800,5124000000,8.57
1979,grape,california,,593900,4558000000,7.67
1978,grape,california,,616600,4017000000,6.51
1977,grape,california,,622500,3986000000,6.4
1976,grape,california,,600500,3978000000,6.62
1975,grape,california,,526200,3948000000,7.5
1974,grape,california,,489000,3794000000,7.76
1973,grape,california,,455200,3891000000,8.55
1972,grape,california,,439900,2275000000,5.17
1971,grape,california,,445900,3531000000,7.92
1970,grape,california,,447900,2747000000,6.13
1969,grape,california,,457300,3595000000,7.86
1968,grape,california,,456200,3255000000,7.14
1967,grape,california,,458300,2700000000,5.89
1966,grape,california,,461600,3400000000,7.37
1965,grape,california,,459900,3975000000,8.64
1964,grape,california,,454900,3145000000,6.91
1963,grape,california,,451500,3500000000,7.75
1962,grape,california,,444100,2928000000,6.59
1961,grape,california,,424900,2967000000,6.98
1960,grape,california,,416200,2766000000,6.65
1959,grape,california,,409100,2940000000,7.19
1958,grape,california,,406800,2741000000,6.74
1957,grape,california,,399000,2382000000,5.97
1956,grape,california,,407500,2641000000,6.48
1955,grape,california,,423800,3020000000,7.13
1954,grape,california,,445500,2327000000,5.22
1953,grape,california,,454100,2473000000,5.45
1952,grape,california,,463500,2958000000,6.38
1951,grape,california,,480800,3219000000,6.7
1950,grape,california,,496400,2432000000,4.9
1949,grape,california,,496600,2465000000,4.96
1948,grape,california,,494500,2891000000,5.85
1947,grape,california,,489100,2836000000,5.8
1946,grape,california,,490800,2958000000,6.03
1945,grape,california,,499800,2663000000,5.33
1944,grape,california,,507200,2514000000,4.96
1943,grape,california,,511900,2789000000,5.45
1942,grape,california,,511900,2160000000,4.22
1941,grape,california,,511600,2547000000,4.98
1940,grape,california,,504500,2250000000,4.46
1939,grape,california,,505900,2228000000,4.4
1938,grape,california,,501400,2531000000,5.05
1937,grape,california,,496300,2454000000,4.94
1936,grape,california,,486500,1714000000,3.52
1935,grape,california,,489400,2194000000,4.48
1934,grape,california,,495500,1700000000,3.43
1933,grape,california,,503000,1660000000,3.3
1932,grape,california,,517800,1926000000,3.72
1931,grape,california,,528500,1320000000,2.5
1930,grape,california,,546700,2181000000,3.99
1929,grape,california,,565700,1827000000,3.23
1928,grape,california,,577300,2366000000,4.1
1927,grape,california,,578200,2406000000,4.16
1926,grape,california,,564900,2069000000,3.66
1925,grape,california,,527300,2050000000,3.89
1924,grape,california,,469600,1535000000,3.27
1923,grape,california,,409500,2007000000,4.9
1922,grape,california,,363600,1806000000,4.97
1921,grape,california,,331900,1149000000,3.46
1920,grape,california,,307600,1273000000,4.14
2012,wine grape,california,,508000,4058000000,7.99
2011,wine grape,california,,506000,3387000000,6.69
2010,wine grape,california,,497000,3629000000,7.3
2009,wine grape,california,,489000,3743000000,7.65
2008,wine grape,california,,482000,3055000000,6.34
2007,wine grape,california,,480000,3288000000,6.85
2006,wine grape,california,,480000,3176000000,6.62
2005,wine grape,california,,477000,3806000000,7.98
2004,wine grape,california,,473000,2815000000,5.95
2003,wine grape,california,,479000,2909000000,6.07
2002,wine grape,california,,486000,3149000000,6.48
2001,wine grape,california,,480000,3051000000,6.36
2000,wine grape,california,,458000,3364000000,7.34
1999,wine grape,california,,424000,2662000000,6.28
1998,wine grape,california,,385000,2570000000,6.68
1997,wine grape,california,,374000,2940000000,7.86
1996,wine grape,california,,350000,2225000000,6.36
1995,wine grape,california,,328000,2275000000,6.94
1994,wine grape,california,,322000,2265000000,7.03
1993,wine grape,california,,312000,2397000000,7.68
1992,wine grape,california,,300000,2145000000,7.15
1991,wine grape,california,,295000,2195000000,7.44
1990,wine grape,california,,291000,2195000000,7.54
1989,wine grape,california,,290000,2190000000,7.55
1988,wine grape,california,,297000,2180000000,7.34
1987,wine grape,california,,304000,1950000000,6.41
1986,wine grape,california,,312000,2105000000,6.75
1985,wine grape,california,,321000,2140000000,6.67
1984,wine grape,california,,308000,1900000000,6.17
1983,wine grape,california,,299000,1880000000,6.29
1982,wine grape,california,,291000,2402000000,8.25
1981,wine grape,california,,280000,1794000000,6.41
1980,wine grape,california,,290800,2004000000,6.89
1979,wine grape,california,,292500,1821000000,6.23
1978,wine grape,california,,313700,1706000000,5.44
1977,wine grape,california,,317900,1563000000,4.92
1976,wine grape,california,,292600,1323000000,4.52
1975,wine grape,california,,225200,1313000000,5.83
1974,wine grape,california,,180900,1238000000,6.84
1973,wine grape,california,,149400,1040000000,6.96
1972,wine grape,california,,135400,630000000,4.65
1971,wine grape,california,,134000,765000000,5.71
1970,wine grape,california,,131800,531000000,4.03
1969,wine grape,california,,132500,775000000,5.85
1968,wine grape,california,,128300,650000000,5.07
1967,wine grape,california,,125700,630000000,5.01
1966,wine grape,california,,126200,665000000,5.27
1965,wine grape,california,,123000,750000000,6.1
1964,wine grape,california,,120100,608000000,5.06
1963,wine grape,california,,121300,624000000,5.14
1962,wine grape,california,,120000,643000000,5.36
1961,wine grape,california,,116400,474000000,4.07
1960,wine grape,california,,118100,511000000,4.33
1959,wine grape,california,,117200,580000000,4.95
1958,wine grape,california,,119000,580000000,4.87
1957,wine grape,california,,120500,535000000,4.44
1956,wine grape,california,,128500,570000000,4.44
1955,wine grape,california,,136100,601000000,4.42
1954,wine grape,california,,139100,597000000,4.29
1953,wine grape,california,,146200,523000000,3.58
1952,wine grape,california,,154200,656000000,4.25
1951,wine grape,california,,158000,651000000,4.12
1950,wine grape,california,,165000,512000000,3.1
1949,wine grape,california,,166900,538000000,3.22
1948,wine grape,california,,165700,620000000,3.74
1947,wine grape,california,,163000,517000000,3.17
1946,wine grape,california,,164000,684000000,4.17
1945,wine grape,california,,169300,619000000,3.66
1944,wine grape,california,,172600,563000000,3.26
1943,wine grape,california,,175500,575000000,3.28
1942,wine grape,california,,176600,474000000,2.68
1941,wine grape,california,,177700,549000000,3.09
1940,wine grape,california,,176300,517000000,2.93
1939,wine grape,california,,176100,522000000,2.96
1938,wine grape,california,,175600,639000000,3.64
1937,wine grape,california,,174100,609000000,3.5
1936,wine grape,california,,171100,472000000,2.76
1935,wine grape,california,,172100,569000000,3.31
1934,wine grape,california,,175800,474000000,2.7
1933,wine grape,california,,178400,402000000,2.25
1932,wine grape,california,,183600,388000000,2.11
1931,wine grape,california,,184700,316000000,1.71
1930,wine grape,california,,188000,486000000,2.59
1929,wine grape,california,,187600,428000000,2.28
1928,wine grape,california,,179900,482000000,2.68
1927,wine grape,california,,169200,487000000,2.88
1926,wine grape,california,,155400,412000000,2.65
1925,wine grape,california,,139800,442000000,3.16
1924,wine grape,california,,126900,305000000,2.4
1923,wine grape,california,,117200,385000000,3.28
1922,wine grape,california,,108300,454000000,4.19
1921,wine grape,california,,102400,314000000,3.07
1920,wine grape,california,,98500,338000000,3.43
