StateCode,Division,YearMonth,    PCP,   TAVG,   PDSI,   PHDI,   ZNDX,   PMDI,    CDD,    HDD,   SP01,   SP02,   SP03,   SP06,   SP09,   SP12,   SP24,   TMIN,   TMAX
9,0,198001,4.83,47.1,1.72,1.72,0.59,1.32,7,643,0.41,-0.39,0.03,0.24,0.26,0.69,-0.34,37.6,56.5
9,0,198002,2.36,44,0.93,0.93,-1.84,-0.29,0,672,-1.2,-0.62,-1.02,-0.05,-0.28,0.1,-0.33,31.9,56.2
9,0,198003,11.54,53.7,2.83,2.83,5.99,2.83,8,455,2.59,1.46,1.41,0.55,1,1.22,0.48,42.2,65.1
9,0,198004,4.11,62.2,2.62,2.62,0.24,2.62,23,176,0.29,2.13,1.21,0.86,0.87,0.86,0.56,49.5,74.8
9,0,198005,4.66,70.5,2.69,2.69,1.02,2.69,145,40,0.72,0.56,2,0.83,1.09,0.83,0.5,59,81.9
9,0,198006,3.54,77.3,-0.2,2.22,-0.59,1.91,316,0,-0.57,0.1,0.15,1.02,0.49,0.91,0.53,65.4,89
9,0,198007,2.54,82.3,-1.38,0.78,-3.62,-1.09,502,0,-3.09,-1.96,-0.96,0.36,0.28,0.35,0.31,70.3,94.2
9,0,198008,2.55,81.4,-2.55,-2.55,-3.94,-2.55,473,0,-1.74,-3.09,-3.09,0.34,-0.24,0.16,0.02,68.9,93.8
9,0,198009,4.73,77.7,-2.41,-2.41,-0.36,-2.41,328,0,0.59,-0.65,-1.92,-0.91,0.14,-0.17,0.34,66.2,89.3
9,0,198010,3.13,61.7,-2.09,-2.09,0.23,-1.92,29,205,0.33,0.53,-0.36,-1.01,0.11,0.09,0.6,49.9,73.5
9,0,198011,1.98,52.8,-2.25,-2.25,-1.15,-2.25,3,435,-0.43,-0.07,0.2,-1.8,0.36,-0.19,0.47,40.5,65
9,0,198012,1.1,45.7,-3.07,-3.07,-3.14,-3.07,1,661,-2.26,-1.74,-1.1,-2.39,-1.43,-0.36,0.41,32.9,58.5
9,0,198101,1.13,40.2,-3.9,-3.9,-3.44,-3.9,1,833,-2.05,-2.73,-2.34,-2.13,-2.17,-0.92,-0.17,27.2,53.2
9,0,198102,5.73,48.4,-3.31,-3.31,0.57,-3.03,2,548,0.69,-0.75,-1.45,-0.94,-2.38,-0.41,-0.3,35.9,60.9
9,0,198103,4.15,52.7,-3.17,-3.17,-0.62,-3.08,6,464,-0.32,0.17,-0.77,-1.2,-1.96,-1.53,-0.12,39.1,66.2
9,0,198104,2.76,66.7,-3.43,-3.43,-1.76,-3.43,75,72,-0.48,-0.61,-0.13,-1.44,-1.47,-1.74,-0.58,53.1,80.2
9,0,198105,2.7,68.1,-3.34,-3.34,-0.79,-3.34,96,71,-0.45,-0.75,-0.74,-1.38,-1.11,-1.93,-0.8,54.8,81.5
9,0,198106,3.76,80.5,-3.48,-3.48,-1.44,-3.48,411,0,-0.4,-0.66,-0.89,-1.05,-1.37,-1.88,-0.73,68.6,92.4
9,0,198107,3.91,81.7,-3.99,-3.99,-2.62,-3.99,467,0,-1.06,-1,-1.09,-0.76,-1.76,-1.74,-1.03,70.3,93.2
9,0,198108,5.19,76.9,-3.5,-3.5,0.23,-3.36,324,0,0.25,-0.51,-0.69,-1.03,-1.62,-1.36,-0.89,67.4,86.5
9,0,198109,1.85,72.4,-3.91,-3.91,-2.29,-3.91,178,16,-1.19,-0.78,-1.34,-1.36,-1.46,-1.73,-1.35,59.5,85.4
9,0,198110,3.03,62.4,-3.46,-3.46,0.14,-3.35,33,193,0.28,-0.68,-0.5,-1.23,-0.9,-1.84,-1.18,50.1,74.8
9,0,198111,1.73,54.4,-3.61,-3.61,-1.52,-3.61,5,386,-0.64,-0.22,-0.87,-1.4,-1.46,-1.94,-1.35,41.1,67.6
9,0,198112,6.15,43.8,0.59,-2.65,1.76,-1.9,1,756,1.13,0.42,0.43,-0.46,-0.86,-1.16,-1.15,33.4,54.1
9,0,198201,4.94,43.3,0.84,-2.07,0.93,-0.92,3,786,0.46,1.01,0.5,0.11,-0.57,-0.54,-1.03,31.8,54.9
9,0,198202,5.81,51.3,1.16,-1.44,1.24,0.18,5,482,0.73,0.78,1.23,0.32,-0.12,-0.53,-0.71,40,62.6
9,0,198203,2.65,58.5,0.18,-2.16,-2.6,-1.49,28,308,-1.09,-0.32,-0.11,0.18,-0.4,-0.74,-1.64,46.7,70.3
9,0,198204,6.28,61.1,1.01,-1.09,2.55,0.47,15,214,1.28,0.08,0.42,0.58,0.29,-0.24,-1.44,49.7,72.5
9,0,198205,3.06,71.7,0.59,-1.29,-0.94,-0.1,184,21,-0.2,0.77,-0.06,0.66,0.12,-0.2,-1.59,58.7,84.7
9,0,198206,4.95,77.2,0.78,-0.91,0.74,0.46,306,2,0.4,0.02,0.79,0.38,0.48,-0.05,-1.42,66,88.5
9,0,198207,6.15,79.1,0.98,0.98,0.86,0.98,403,0,0.5,0.49,0.18,0.39,0.56,0.29,-1.08,69.1,89.2
9,0,198208,3.75,78.1,0.64,0.64,-0.74,0.64,348,0,-0.7,-0.15,0.04,-0.08,0.58,0.12,-0.91,67.8,88.3
9,0,198209,3.16,72.3,0.44,0.44,-0.38,0.44,172,19,-0.24,-0.85,-0.42,0.24,0.13,0.27,-1.05,61.2,83.4
9,0,198210,2.59,64.4,0.34,0.34,-0.18,-0.37,51,146,0.02,-0.31,-0.73,-0.31,-0.02,0.22,-1.09,52.4,76.3
9,0,198211,3.7,57,0.47,0.47,0.49,0.47,11,338,0.63,0.37,0.08,0.05,-0.07,0.5,-0.92,45.9,68.2
9,0,198212,6.24,53.2,1.01,1.01,1.76,1.01,10,461,1.17,1.08,0.84,0.41,0.68,0.53,-0.37,43.2,63.1
9,0,198301,4.41,42.3,1.05,1.05,0.45,1.05,1,767,0.19,0.87,0.91,0.31,0.29,0.44,-0.1,32.4,52.2
9,0,198302,5.76,47.3,1.45,1.45,1.5,1.45,1,565,0.71,0.55,1.07,0.75,0.63,0.45,-0.12,36.7,57.8
9,0,198303,7.12,53.8,1.95,1.95,1.97,1.95,10,424,0.98,1.14,0.99,1.17,0.84,1.02,0.23,42.5,65.1
9,0,198304,5.45,58.5,2.44,2.44,2.06,2.44,6,272,0.93,1.23,1.29,1.46,0.97,0.93,0.5,45.9,71.2
9,0,198305,2.51,69.6,-0.39,1.8,-1.17,1.23,126,50,-0.59,0.24,0.75,1.14,0.93,0.83,0.47,57.3,82
9,0,198306,4.74,74.7,-0.04,1.92,0.93,1.69,242,5,0.27,-0.3,0.28,0.82,1.08,0.81,0.56,63.7,85.7
9,0,198307,2.77,81,-1.06,0.7,-3.07,-0.88,458,0,-2.66,-1.08,-1.21,0.29,0.71,0.34,0.45,69.2,92.9
9,0,198308,3.25,81.2,-1.94,-1.94,-2.96,-1.94,465,0,-1.1,-2.44,-1.65,-0.29,0.36,0.3,0.22,69.3,93
9,0,198309,4.78,72,0.28,-1.46,0.85,-0.99,170,17,0.61,-0.28,-1.41,-0.6,0.13,0.49,0.51,61,83
9,0,198310,1.88,64.9,-0.37,-1.68,-1.11,-1.66,57,137,-0.44,0.06,-0.56,-1.39,-0.04,0.41,0.4,53.5,76.4
9,0,198311,6.42,53.6,1.14,1.14,3.41,1.14,4,410,1.75,1.01,1.05,-0.07,0.38,0.79,0.83,40.7,66.5
9,0,198312,7.45,44.2,2.3,2.3,3.86,2.3,1,742,1.67,2.14,1.57,0.61,0.58,0.96,1.04,33.5,54.8
9,0,198401,4.87,42.9,2.36,2.36,0.88,2.36,2,770,0.43,1.4,1.97,1.18,0.41,1,1,32.1,53.7
9,0,198402,4.55,49.6,2.13,2.13,0.04,2.09,3,510,0.04,0.25,1.22,1.43,0.63,0.87,0.87,36.6,62.6
9,0,198403,6.3,54.7,2.29,2.29,1.13,2.29,12,417,0.64,0.49,0.54,1.45,0.74,0.73,1.23,41.5,67.9
9,0,198404,4.67,61.3,2.36,2.36,0.92,2.36,16,208,0.56,0.74,0.62,1.72,1.25,0.64,1.1,49.4,73.2
9,0,198405,5.23,69.4,2.73,2.73,1.84,2.73,120,57,1.01,0.98,1.03,1.43,1.72,0.98,1.33,56.8,82.1
9,0,198406,2.96,77.2,2.05,2.05,-1.21,1.48,329,0,-1.09,0.1,0.33,0.55,1.36,0.74,1.13,64.6,89.7
9,0,198407,8.26,77.6,2.91,2.91,3.21,2.91,342,0,1.48,0.54,0.9,0.96,1.88,1.49,1.4,67.5,87.6
9,0,198408,3.72,78.2,-0.12,2.49,-0.35,2.28,359,0,-0.73,0.67,0.07,0.77,1.18,1.5,1.34,67.9,88.5
9,0,198409,1.45,72.2,-0.71,1.63,-1.82,0.61,171,18,-1.56,-1.95,-0.28,0.02,0.33,1.08,1.14,59.9,84.6
9,0,198410,1.92,69.6,-1.16,0.94,-1.55,-0.69,139,52,-0.41,-1.37,-1.85,-0.34,0.09,1.11,1.04,57.4,81.8
9,0,198411,2.28,52.1,-1.26,0.63,-0.66,-1.17,2,458,-0.21,-0.46,-1.25,-1,0.02,0.56,0.87,38.9,65.4
9,0,198412,1.79,55.1,-2.13,-2.13,-3,-2.13,18,398,-1.51,-1.18,-1.19,-1.14,-0.63,-0.22,0.58,42.8,67.5
9,0,198501,3.14,40.1,-2.32,-2.32,-1.24,-2.32,1,871,-0.55,-1.32,-1.21,-2.25,-1.05,-0.48,0.36,28.3,51.9
9,0,198502,5.04,48.4,-1.86,-1.86,0.67,-1.5,3,558,0.31,-0.24,-0.88,-1.54,-1.31,-0.41,0.27,36.7,60
9,0,198503,1.79,58.3,-2.78,-2.78,-3.35,-2.78,28,306,-1.57,-0.9,-1.06,-1.47,-1.49,-1.08,-0.21,45.4,71.3
9,0,198504,2,64.1,-3.21,-3.21,-2.13,-3.21,40,121,-0.99,-1.76,-1.2,-1.61,-2.29,-1.49,-0.59,50.5,77.8
9,0,198505,3.93,70.9,-2.88,-2.88,0,-2.82,152,38,0.33,-0.56,-1.31,-1.36,-1.72,-1.61,-0.45,58.8,83
9,0,198506,3.92,77.8,-2.72,-2.72,-0.43,-2.72,327,0,-0.28,-0.04,-0.67,-1.13,-1.46,-1.48,-0.54,66,89.6
9,0,198507,6.61,78.5,0.41,-2.03,1.22,-1.46,371,0,0.74,0.28,0.28,-0.71,-1.21,-1.74,-0.17,68.1,88.8
9,0,198508,6.3,77.9,1.06,-1.13,2.08,0.34,347,0,0.86,0.99,0.66,-0.57,-0.89,-1.38,0.14,68.1,87.5
9,0,198509,1.28,72.9,0.26,-1.71,-2.08,-1.07,188,15,-1.75,-0.5,0.01,-0.48,-0.97,-1.36,-0.21,61.5,84.3
9,0,198510,4.77,69,0.76,-1.01,1.58,0.25,117,72,1.16,-0.18,0.34,0.44,-0.47,-0.98,0.09,59.7,78.2
9,0,198511,5.21,63.2,1.24,1.24,1.69,1.24,52,165,1.3,1.47,0.59,0.88,-0.15,-0.56,-0.08,53.8,72.6
9,0,198512,3.09,44,-0.1,1.01,-0.31,0.74,1,742,-0.5,0.56,0.97,0.75,0.23,-0.36,-0.4,31.9,56.1
9,0,198601,2.33,44.5,-0.68,-0.68,-1.76,-0.68,4,727,-1.09,-1.1,-0.12,0.13,0.19,-0.48,-0.71,32.3,56.8
9,0,198602,4.71,52.8,-0.62,-0.62,-0.03,-0.62,8,429,0.13,-0.68,-0.83,-0.11,0.21,-0.53,-0.71,40.7,65
9,0,198603,3.19,55.9,-1.16,-1.16,-1.82,-1.16,16,373,-0.8,-0.52,-0.99,-0.01,-0.02,-0.32,-1.01,42.4,69.4
9,0,198604,0.64,63.5,-2.17,-2.17,-3.39,-2.17,34,133,-2.15,-1.75,-1.29,-0.98,-0.7,-0.53,-1.49,47.9,79.1
9,0,198605,2.57,71.7,-2.6,-2.6,-1.97,-2.6,172,28,-0.54,-1.69,-1.73,-1.56,-1.05,-0.72,-1.76,58.7,84.6
9,0,198606,2.7,79.7,-3.34,-3.34,-3.01,-3.34,388,0,-1.36,-1.25,-2.1,-1.83,-0.95,-0.91,-1.76,67.8,91.6
9,0,198607,2.95,83.4,-4.43,-4.43,-4.32,-4.43,527,0,-2.3,-2.28,-1.87,-2.08,-1.73,-1.43,-2.31,70.9,95.9
9,0,198608,6.22,78.7,-3.74,-3.74,0.7,-3.42,376,0,0.82,-0.48,-1.11,-2.04,-2.01,-1.46,-1.94,68.1,89.2
9,0,198609,2.79,75.8,-4.02,-4.02,-2,-4.02,262,5,-0.48,0.18,-0.88,-1.91,-2,-1.19,-1.78,65.8,85.7
9,0,198610,3.71,65.5,0.11,-3.5,0.33,-3.31,64,125,0.65,0,0.47,-1.07,-1.52,-1.4,-1.62,54.5,76.5
9,0,198611,6.16,60.7,0.92,-2.32,2.47,-1.12,29,251,1.66,1.44,0.95,0.1,-1.07,-1.28,-1.22,51.9,69.5
9,0,198612,4.53,48.3,1.07,-1.84,0.72,-0.37,3,615,0.36,1.3,1.28,0.57,-0.63,-1.09,-1.09,39.2,57.3
9,0,198701,7.52,44.4,2.11,2.11,3.47,2.11,3,730,1.64,1.31,1.85,1.54,0.49,-0.28,-0.57,34.2,54.5
9,0,198702,5.75,47.4,2.39,2.39,1.48,2.39,1,558,0.7,1.79,1.52,1.51,0.88,-0.11,-0.52,37.4,57.4
9,0,198703,5.53,55,2.28,2.28,0.4,2.28,13,395,0.31,0.63,1.43,1.74,1.18,0.21,-0.09,43.8,66.2
9,0,198704,0.84,60.1,-0.91,1.14,-2.72,-0.13,10,221,-1.95,-0.8,-0.27,1.07,1.09,0.23,-0.22,46.3,74
9,0,198705,2.78,72.6,-1.38,-1.38,-1.7,-1.38,209,15,-0.39,-1.51,-0.87,0.31,0.73,0.24,-0.35,61,84.2
9,0,198706,6.03,77.5,-0.79,-0.79,1.35,0.05,328,0,1,0.35,-0.74,0.52,1.13,0.7,-0.14,66.5,88.4
9,0,198707,3.61,80.5,-1.49,-1.49,-2.36,-1.49,438,0,-1.37,-0.08,-0.38,-0.46,0.72,0.8,-0.48,68.6,92.4
9,0,198708,3.7,81.7,-2.15,-2.15,-2.43,-2.15,471,0,-0.74,-1.49,-0.5,-1.03,0.06,0.47,-0.72,70.6,92.7
9,0,198709,3.59,74.2,-2.19,-2.19,-0.78,-2.19,222,8,0.01,-0.65,-1.37,-1.28,-0.1,0.55,-0.49,63.2,85.1
9,0,198710,0.26,58.2,-2.74,-2.74,-2.32,-2.74,9,286,-1.83,-1.14,-1.61,-1.38,-1.07,0.09,-0.91,42.8,73.6
9,0,198711,2.92,56.8,-2.69,-2.69,-0.7,-2.69,10,330,0.2,-0.98,-0.81,-1.16,-1.42,-0.37,-1.11,43.9,69.7
9,0,198712,2.46,50.9,-3.15,-3.15,-2.23,-3.15,6,529,-0.95,-0.55,-1.35,-2.17,-1.92,-0.68,-1.39,39.6,62.2
9,0,198801,5.23,41.2,-2.55,-2.55,0.83,-2.16,1,821,0.61,-0.17,-0.12,-1,-1.09,-1.02,-0.92,31.1,51.3
9,0,198802,4.14,46.5,-2.34,-2.34,-0.15,-1.95,1,592,-0.19,0.23,-0.33,-0.74,-1,-1.32,-0.99,33.7,59.4
9,0,198803,3.41,55.1,-2.61,-2.61,-1.53,-2.61,14,387,-0.69,-0.64,-0.29,-0.96,-1.5,-1.59,-0.96,42.2,68
9,0,198804,4.87,63.3,-2.06,-2.06,0.84,-1.64,31,147,0.66,-0.14,-0.19,-0.24,-0.87,-0.97,-0.53,50.1,76.5
9,0,198805,1.78,68.5,-2.44,-2.44,-1.78,-2.44,108,59,-1.17,-0.27,-0.61,-0.61,-0.92,-1.09,-0.63,54.6,82.3
9,0,198806,1.92,76.4,-3.07,-3.07,-2.65,-3.07,312,0,-2.42,-2.13,-1.12,-0.83,-1.28,-1.66,-0.71,62.8,90.1
9,0,198807,3.91,79.4,-3.52,-3.52,-2.3,-3.52,402,0,-1.06,-2.14,-2.1,-1.38,-1.19,-1.65,-0.64,68.4,90.4
9,0,198808,4.85,80.2,-3.52,-3.52,-1.08,-3.52,429,0,0.04,-0.67,-1.7,-1.43,-1.23,-1.51,-0.75,69.5,90.8
9,0,198809,6.49,74.1,-2.36,-2.36,2.39,-1.36,219,9,1.33,1.11,0.39,-0.53,-0.54,-1.04,-0.39,65,83.3
9,0,198810,2.63,60.1,-1.92,-1.92,0.61,-0.66,17,253,0.04,0.99,0.87,-0.88,-0.75,-0.72,-0.47,47.6,72.6
9,0,198811,3.05,56.7,-1.69,-1.69,0.1,-0.39,10,344,0.28,0.15,0.83,-0.33,-0.68,-0.72,-0.78,44.9,68.4
9,0,198812,1.37,47.3,-2.29,-2.29,-2.32,-1.81,1,626,-1.94,-1,-0.78,-0.34,-0.9,-0.9,-1.22,34.1,60.6
9,0,198901,2.24,51.6,-2.84,-2.84,-2.36,-2.84,19,534,-1.16,-1.96,-1.4,-0.38,-1.56,-1.34,-1.63,39.4,63.9
9,0,198902,3.29,50.7,-2.99,-2.99,-1.33,-2.99,5,495,-0.67,-1.26,-1.74,-0.63,-1.5,-1.55,-1.85,39.3,62.1
9,0,198903,4.33,58.2,-3.03,-3.03,-1.04,-3.03,27,310,-0.24,-0.62,-1.09,-1.27,-0.96,-1.31,-2.11,46.8,69.5
9,0,198904,4.04,62.1,0.06,-2.65,0.19,-2.51,22,177,0.25,-0.11,-0.39,-1.15,-0.57,-1.45,-1.79,48.9,75.3
9,0,198905,3.78,68.5,0.19,-2.24,0.41,-1.88,101,70,0.24,0.19,-0.02,-1.11,-0.53,-1.1,-1.65,56.3,80.7
9,0,198906,8.68,77,1.89,1.89,5.14,1.89,301,2,2.17,1.67,1.47,0.12,-0.31,-0.18,-1.35,66.7,87.3
9,0,198907,7.37,78.9,2.58,2.58,2.67,2.58,387,0,1.1,2.04,1.89,0.87,0.02,0.33,-0.99,69.5,88.3
9,0,198908,3.91,78.5,2.27,2.27,-0.15,2.14,370,0,-0.59,0.41,1.49,0.95,-0.14,0.23,-0.92,68.3,88.7
9,0,198909,5.34,73.1,2.83,2.83,2.39,2.83,196,11,0.86,0.28,0.84,1.44,0.48,0.04,-0.74,63.9,82.2
9,0,198910,3.78,64,3.18,3.18,1.93,3.18,48,149,0.68,0.99,0.57,1.63,0.96,0.21,-0.39,52,76
9,0,198911,3.22,55.6,3.16,3.16,0.93,3.16,8,369,0.38,0.61,0.87,1.64,1.25,0.25,-0.39,42.9,68.3
9,0,198912,5.34,40.5,3.51,3.51,2.01,3.51,0,842,0.76,0.65,0.8,1.07,1.51,0.8,0.03,29.5,51.4
9,0,199001,5.77,51.4,3.55,3.55,1.21,3.55,18,520,0.87,1.02,0.9,0.96,1.8,1.24,-0.01,39.3,63.6
9,0,199002,5.44,55.6,3.34,3.34,0.46,3.34,16,355,0.53,0.96,1.12,1.26,1.82,1.52,0.09,44,67.2
9,0,199003,5.25,58.9,-0.09,2.9,-0.28,2.73,31,297,0.19,0.44,0.75,0.99,1.22,1.61,0.33,46.6,71.2
9,0,199004,1.9,62,-0.73,1.96,-1.92,0.96,21,177,-1.06,-0.52,-0.14,0.47,0.64,1.39,0.03,48.3,75.7
9,0,199005,3.13,70.7,-0.91,1.49,-0.79,0.17,147,42,-0.16,-0.92,-0.54,0.29,0.67,1.29,0.16,58.2,83.2
9,0,199006,1.68,78.2,-1.87,-1.87,-3.14,-1.87,337,0,-2.89,-1.49,-1.8,-0.49,0.01,0.31,0.12,65.7,90.6
9,0,199007,4.34,80.7,-2.46,-2.46,-2.36,-2.46,430,0,-0.68,-2,-1.52,-1.02,-0.31,-0.09,0.15,69.2,92.1
9,0,199008,4.07,80.5,-2.91,-2.91,-2.11,-2.91,429,0,-0.47,-0.85,-2.03,-1.52,-0.48,-0.03,0.06,68.9,92.1
9,0,199009,2.09,75.5,-3.54,-3.54,-2.8,-3.54,258,5,-0.99,-1.29,-1.56,-2.07,-1.03,-0.51,-0.38,62.7,88.3
9,0,199010,6.08,65.8,0.95,-2.23,2.84,-1.05,66,125,1.73,0.64,0.31,-0.94,-0.75,-0.19,-0.03,53.3,78.2
9,0,199011,1.75,57,0.41,-2.44,-1.32,-1.75,13,312,-0.62,0.87,0.22,-1.2,-1.21,-0.4,-0.19,42.4,71.5
9,0,199012,3.35,51.6,0.03,-2.53,-1.02,-2.17,7,508,-0.33,-0.68,0.5,-0.5,-1.42,-0.71,0.15,40.7,62.4
9,0,199101,9.53,47.2,1.79,1.79,5.31,1.79,7,649,2.42,1.56,0.98,0.87,-0.06,-0.14,0.77,38.9,55.5
9,0,199102,2.2,51.8,0.76,0.76,-2.56,-0.55,6,463,-1.29,1.17,0.65,0.6,-0.36,-0.62,0.66,39.9,63.7
9,0,199103,7.77,58.1,1.38,1.38,2.1,1.04,26,319,1.24,0.2,1.64,1.32,0.57,-0.24,1.01,45.8,70.3
9,0,199104,5.06,66.5,1.42,1.42,0.56,1.26,64,95,0.75,1.31,0.49,0.95,0.93,0.2,1.13,55.7,77.3
9,0,199105,6.01,73.8,1.91,1.91,1.89,1.91,223,15,1.37,1.42,1.66,1.59,1.37,0.57,1.37,64.3,83.3
9,0,199106,5.55,76.4,2.31,2.31,1.8,2.31,299,0,0.74,1.37,1.51,2,1.81,1.13,1.05,66.4,86.5
9,0,199107,7.64,80.3,2.94,2.94,2.61,2.94,433,0,1.22,1.21,1.71,1.37,1.61,1.56,1.12,70.7,89.9
9,0,199108,6.4,78.4,3.54,3.54,2.71,3.54,364,0,0.91,1.35,1.4,2.08,1.91,1.78,1.33,69,87.8
9,0,199109,1.65,74.3,-0.48,2.7,-1.43,2.07,226,7,-1.37,-0.27,0.54,1.28,1.81,1.76,0.92,62.6,85.9
9,0,199110,0.83,64.6,-1.01,1.84,-1.74,0.49,56,132,-1.26,-1.8,-0.99,0.71,0.74,1.1,0.61,51.8,77.5
9,0,199111,1.74,52.2,-1.26,1.29,-1.08,-0.45,2,455,-0.63,-1.35,-1.93,-0.08,0.97,1.11,0.42,39.5,64.9
9,0,199112,3.46,51,-1.47,0.82,-1.01,-1.19,6,520,-0.26,-0.63,-1.18,-0.49,0.44,1.13,0.4,39.6,62.4
9,0,199201,6.13,46.2,-0.67,1.39,1.95,0.11,5,656,1.04,0.52,0.09,-0.48,0.54,0.66,0.34,35.6,56.7
9,0,199202,5.31,52.2,-0.4,1.45,0.61,0.39,6,430,0.46,1.05,0.6,-0.62,0.3,1.09,0.31,40.8,63.6
9,0,199203,4.99,55.2,-0.39,1.26,-0.11,0.2,14,395,0.07,0.31,0.74,-0.17,0.09,0.71,0.33,42.3,68
9,0,199204,2.32,61.3,-0.82,0.66,-1.41,-0.74,17,184,-0.76,-0.47,-0.13,-0.07,-0.48,0.34,0.38,48.1,74.4
9,0,199205,2.17,67.8,-1.15,-1.15,-1.24,-1.15,95,69,-0.85,-1.15,-0.78,-0.16,-0.93,-0.22,0.27,55.2,80.5
9,0,199206,5.96,75.2,0.73,0.73,2.19,0.73,245,6,0.96,0.07,-0.47,0.22,-0.38,-0.19,0.69,65.1,85.3
9,0,199207,5.2,80.2,0.63,0.63,-0.09,0.63,418,0,-0.06,0.52,-0.08,-0.18,-0.12,-0.5,0.8,69.9,90.5
9,0,199208,7.44,77,1.79,1.79,3.68,1.79,307,0,1.41,0.9,1.14,0.17,0.46,-0.32,1.12,67.6,86.3
9,0,199209,4.26,73.8,2.1,2.1,1.48,2.1,219,8,0.36,1.24,0.93,0.24,0.6,0.01,1.32,64.4,83.3
9,0,199210,3.47,61.9,2.52,2.52,1.91,2.52,30,192,0.52,0.48,1.24,0.8,0.42,0.39,1.02,50,73.7
9,0,199211,7.83,54.8,4.24,4.24,5.95,4.24,6,399,2.21,1.8,1.61,1.95,1.12,1.21,1.66,44.6,65
9,0,199212,3.66,47.3,3.82,3.82,0.05,3.78,2,639,-0.13,1.53,1.4,1.58,1.05,1.24,1.58,38,56.6
9,0,199301,6.54,50.3,4.12,4.12,2.07,4.12,15,558,1.22,0.72,1.8,1.88,1.7,1.28,1.37,41.1,59.5
9,0,199302,3.8,46.6,3.53,3.53,-0.49,3.28,1,592,-0.38,0.61,0.32,1.37,1.72,1.1,1.57,35.7,57.5
9,0,199303,7.04,52.6,3.84,3.84,2.01,3.84,6,476,0.95,0.48,1.02,1.6,1.76,1.34,1.44,41.3,63.9
9,0,199304,2.5,59.1,-0.32,3.13,-0.95,2.7,7,242,-0.64,0.28,0.06,1.24,1.57,1.4,1.23,45.4,72.8
9,0,199305,2.29,69.7,-0.76,2.33,-1.43,1.3,134,43,-0.75,-1.02,-0.11,0.11,1,1.41,0.88,57.4,82
9,0,199306,3.25,78.1,-1.15,1.61,-1.42,0.03,338,0,-0.82,-1.11,-1.31,-0.06,0.76,1.05,0.64,66.3,89.8
9,0,199307,3.11,83.1,-2.27,-2.27,-3.69,-2.27,530,0,-2.03,-1.77,-1.71,-0.97,0.3,0.76,0.17,70.8,95.5
9,0,199308,3.15,80.1,-3.06,-3.06,-3.07,-3.06,424,0,-1.18,-2.24,-2.41,-1.29,-0.75,0.19,-0.18,68.9,91.3
9,0,199309,3.02,75.7,-3.36,-3.36,-1.85,-3.36,265,4,-0.33,-1.28,-2.23,-2.05,-0.86,-0.01,-0.04,63.9,87.5
9,0,199310,4.31,64,0.4,-2.62,1.19,-2.08,46,159,0.95,0.33,-0.34,-1.67,-1,0.12,0.31,52.3,75.6
9,0,199311,3.7,53.9,0.61,-2.09,0.77,-1.21,4,417,0.63,0.93,0.53,-1.02,-0.79,-0.47,0.46,41.8,65.9
9,0,199312,3.15,45.7,0.34,-2.09,-0.64,-1.42,1,670,-0.46,0.05,0.5,-0.84,-1.4,-0.55,0.58,34.6,56.7
9,0,199401,5.37,42.3,0.77,-1.4,1.42,-0.17,2,803,0.68,0.14,0.34,0.07,-0.93,-0.72,0.41,31.5,53.2
9,0,199402,3.56,51.6,0.32,-1.63,-1.12,-0.81,6,471,-0.52,0.06,-0.26,0.24,-0.85,-0.77,0.22,39.9,63.4
9,0,199403,6.59,57.5,0.65,-1.1,1.1,0.1,23,340,0.76,0.26,0.48,0.61,-0.28,-0.81,0.43,44.3,70.7
9,0,199404,2.92,65.3,-0.46,-1.45,-1.38,-0.71,52,105,-0.38,0.27,-0.01,0.18,0,-0.76,0.5,51.7,78.9
9,0,199405,2.21,68.8,-0.87,-1.75,-1.37,-1.33,107,65,-0.81,-0.88,-0.14,-0.26,0.01,-0.76,0.49,56.4,81.1
9,0,199406,7.64,77.7,1.18,1.18,3.53,1.18,339,0,1.75,0.75,0.3,0.49,0.61,-0.17,0.65,67.7,87.6
9,0,199407,8.95,78,2.55,2.55,4.47,2.55,356,0,1.75,2.19,1.59,0.94,0.92,0.67,1.07,68.9,87.1
9,0,199408,5.6,77,2.97,2.97,2.05,2.97,326,0,0.48,1.51,2.01,1.28,0.9,1,0.83,67.2,86.8
9,0,199409,4.01,72.3,3.14,3.14,1.44,3.14,179,15,0.23,0.43,1.43,1.08,1.07,1.11,0.78,61.8,82.8
9,0,199410,8.05,63.6,5.04,5.04,6.67,5.04,44,155,2.47,1.99,1.93,2.24,1.73,1.63,1.23,53.8,73.5
9,0,199411,3.22,59,4.71,4.71,0.55,4.71,21,278,0.38,1.79,1.55,2.44,1.92,1.56,0.74,47.6,70.4
9,0,199412,3.11,50.5,3.99,3.99,-0.71,3.66,5,520,-0.48,-0.15,1.27,1.75,1.54,1.54,0.81,41,60
9,0,199501,4.5,46.4,3.68,3.68,0.31,3.42,6,655,0.23,-0.2,-0.06,1.15,1.82,1.43,0.53,35.4,57.4
9,0,199502,6.09,47.9,3.9,3.9,1.8,3.9,2,568,0.89,0.71,0.23,1.28,2.12,1.75,0.76,36.6,59.1
9,0,199503,3.16,58.9,-0.73,2.77,-2.18,1.86,31,295,-0.82,-0.05,-0.02,0.87,1.4,1.31,0.41,47.1,70.6
9,0,199504,1.99,64,-1.36,1.78,-2.12,0.04,38,128,-0.99,-1.24,-0.51,-0.42,0.61,1.22,0.36,50.4,77.6
9,0,199505,2.45,72.7,-1.86,0.95,-1.94,-1.44,193,24,-0.63,-1.17,-1.35,-0.71,0.28,1.24,0.37,60.2,85.2
9,0,199506,6.16,75.5,-1.03,1.5,1.93,-0.1,263,4,1.06,0.27,-0.42,-0.26,0.5,1.06,0.65,64.8,86.1
9,0,199507,3.5,81.2,-1.72,-1.72,-2.38,-1.72,463,0,-1.5,-0.07,-0.49,-0.7,-0.61,0.29,0.71,69.8,92.6
9,0,199508,6.67,80.6,0.41,-1.13,1.24,-0.44,451,0,1.05,-0.03,0.51,-0.7,-0.37,0.46,1.04,70.8,90.3
9,0,199509,3.38,73,0.24,-1.14,-0.39,-0.59,191,13,-0.11,0.61,-0.23,-0.46,-0.33,0.35,1.05,63,83.1
9,0,199510,5.05,65.5,0.94,0.94,2.18,0.94,62,136,1.29,0.74,1.22,0.53,-0.01,-0.05,1.11,54.1,76.9
9,0,199511,3.98,50.9,1.44,1.44,1.78,1.44,1,498,0.77,1.22,0.89,1,-0.06,0.06,1.12,38.5,63.3
9,0,199512,2.74,45.3,1.05,1.05,-0.71,0.58,1,689,-0.74,0,0.66,0.35,0.03,0.03,1.13,34.2,56.4
9,0,199601,5.4,44.6,1.39,1.39,1.32,1.39,4,734,0.69,0,0.31,0.93,0.52,0.13,1.11,32.6,56.6
9,0,199602,3.19,49.1,0.8,0.8,-1.33,-0.03,3,534,-0.73,-0.08,-0.48,0.36,0.52,-0.27,1.09,36.5,61.7
9,0,199603,7.47,51.1,1.56,1.56,2.54,1.56,4,517,1.12,0.43,0.64,0.82,0.6,0.33,1.16,39.5,62.7
9,0,199604,3.43,60.9,-0.09,1.32,-0.26,1.11,14,203,-0.08,0.72,0.25,0.34,0.84,0.53,1.24,47.2,74.7
9,0,199605,2.65,73.1,-0.63,0.63,-1.65,-0.5,210,18,-0.48,-0.5,0.36,-0.07,0.39,0.53,1.3,60.4,85.8
9,0,199606,3.15,76.7,-1.02,-1.02,-1.37,-1.02,306,0,-0.91,-0.98,-0.89,-0.08,0.25,0.1,0.84,65.3,88.1
9,0,199607,4.21,80.3,-1.6,-1.6,-2.05,-1.6,419,0,-0.79,-1.17,-1.21,-0.54,-0.29,0.22,0.36,69.8,90.8
9,0,199608,5.19,77.7,0.04,-1.39,0.13,-1.25,354,0,0.25,-0.37,-0.81,-0.24,-0.4,0.05,0.3,67.9,87.6
9,0,199609,4.41,73.2,0.18,-1.1,0.44,-0.66,195,13,0.43,0.43,-0.13,-0.7,-0.14,0.16,0.32,62.4,83.9
9,0,199610,3.3,63.1,0.36,-0.8,0.57,-0.01,40,161,0.43,0.47,0.53,-0.51,-0.25,-0.07,-0.13,51.1,75.1
9,0,199611,2.46,52.8,0.19,-0.84,-0.37,-0.21,3,454,-0.08,0.18,0.29,-0.36,-0.07,-0.29,-0.25,41,64.5
9,0,199612,3.84,49.2,0.05,-0.88,-0.37,-0.38,3,569,-0.03,-0.17,0.06,-0.07,-0.56,-0.12,-0.03,37.1,61.4
9,0,199701,5.59,48,0.48,0.48,1.29,0.48,8,621,0.79,0.46,0.25,0.49,-0.28,-0.1,-0.02,37.5,58.5
9,0,199702,5.66,52.1,0.77,0.77,1.02,0.77,7,443,0.65,0.98,0.66,0.64,0.14,0.27,-0.08,41.4,62.7
9,0,199703,2.78,62.5,-0.99,-0.99,-2.98,-0.99,59,219,-1.02,-0.33,0.06,0.05,-0.03,-0.41,-0.07,49.8,75.2
9,0,199704,4.74,60.1,0.38,0.38,1.15,-0.51,11,236,0.6,-0.4,0.02,0.14,0.34,-0.24,0.21,47,73.2
9,0,199705,3.3,67.1,0.38,0.38,0.11,-0.42,78,90,-0.05,0.28,-0.39,0.12,0.2,-0.16,0.28,54.7,79.4
9,0,199706,4.84,73.5,0.84,0.84,1.48,0.84,210,8,0.34,0.08,0.34,0.23,0.16,0.05,0.14,64.2,82.9
9,0,199707,4.87,80.3,0.65,0.65,-0.3,0.65,431,0,-0.28,-0.05,-0.19,-0.13,0,0.17,0.27,69.7,91
9,0,199708,2.92,77.5,0.07,0.07,-1.53,-0.6,334,0,-1.39,-1.2,-0.78,-0.81,-0.22,-0.11,-0.13,66.6,88.4
9,0,199709,4.9,74.8,0.4,0.4,1,0.4,236,7,0.66,-0.38,-0.57,-0.14,-0.06,-0.07,0.02,63,86.7
9,0,199710,5.7,64.1,1.46,1.46,3.32,1.46,50,144,1.57,1.51,0.73,0.38,0.19,0.27,0.09,52.9,75.2
9,0,199711,5.63,51.4,2.61,2.61,3.88,2.61,2,495,1.46,1.81,1.75,1.03,0.51,0.72,0.21,40.4,62.3
9,0,199712,6.36,47.2,3.22,3.22,2.64,3.22,2,636,1.22,1.66,1.95,1.32,1.19,1.06,0.71,37.1,57.3
9,0,199801,5.98,49.5,3.41,3.41,1.57,3.41,14,573,0.97,1.4,1.79,1.63,1.38,1.09,0.68,39.3,59.7
9,0,199802,7.61,50.3,4.13,4.13,3.2,4.13,4,481,1.71,1.92,2.23,2.33,1.81,1.35,1.13,39.8,60.8
9,0,199803,6.15,53.7,4.07,4.07,1.1,4.07,10,434,0.58,1.41,1.71,2.44,1.88,1.75,1,42.4,64.9
9,0,199804,6.33,62.4,4.45,4.45,2.42,4.45,24,175,1.3,1.21,1.69,2.33,2.23,2.01,1.3,50.8,74
9,0,199805,2.72,74.1,-0.59,3.41,-1.76,2.68,234,13,-0.43,0.66,0.78,1.82,2.5,1.95,1.33,62.2,86
9,0,199806,2.66,80.9,-1.53,2.06,-3,0.16,411,0,-1.4,-1.19,-0.04,1.1,2.09,1.72,1.27,68.3,93.6
9,0,199807,4.69,82.4,-2.14,1.08,-2.3,-1.58,491,0,-0.41,-1.17,-1.19,0.63,1.51,1.63,1.38,71.7,93.1
9,0,199808,4.04,79.5,-2.52,-2.52,-1.81,-2.52,402,0,-0.49,-0.69,-1.33,-0.14,0.98,1.71,1.21,68.3,90.7
9,0,199809,7.1,76.1,-1.39,-1.39,2.62,-0.2,298,0,1.55,1.04,0.58,0.28,1.14,2.01,1.46,65.9,86.4
9,0,199810,1.4,66.8,-1.75,-1.75,-1.52,-1.18,86,92,-0.79,0.77,0.41,-0.59,0.67,1.49,1.23,54.1,79.5
9,0,199811,1.68,59.6,-2.27,-2.27,-2.1,-2.27,24,273,-0.68,-1.04,0.3,-0.69,0.02,0.98,1.14,48.1,71.1
9,0,199812,2.54,53,-2.84,-2.84,-2.41,-2.84,9,462,-0.89,-1.1,-1.35,-0.56,-0.46,0.48,1.07,42.7,63.3
9,0,199901,5.33,49.9,-2.46,-2.46,0.28,-2.28,14,558,0.66,-0.1,-0.44,-0.05,-0.78,0.37,1.01,37.3,62.4
9,0,199902,2.98,51.7,-2.78,-2.78,-1.74,-2.78,6,453,-0.85,-0.19,-0.62,-0.19,-0.9,-0.28,0.75,39.6,63.9
9,0,199903,2.45,53.4,-3.24,-3.24,-2.23,-3.24,7,453,-1.2,-1.42,-0.84,-1.38,-0.95,-0.82,0.74,39.6,67.2
9,0,199904,1.97,67.1,-3.77,-3.77,-2.6,-3.77,73,83,-1.01,-1.52,-1.65,-1.42,-1.06,-1.5,0.48,54.4,79.7
9,0,199905,2.81,69.5,-3.75,-3.75,-1.1,-3.75,127,47,-0.37,-1.03,-1.47,-1.29,-0.98,-1.42,0.42,56.8,82.1
9,0,199906,6.14,76.3,-2.73,-2.73,1.91,-1.92,291,2,1.05,0.41,-0.31,-0.77,-1.24,-0.95,0.55,66.2,86.5
9,0,199907,4.91,80.5,-2.68,-2.68,-0.71,-2.11,437,0,-0.25,0.48,0.09,-1.12,-1.16,-0.91,0.56,70.3,90.7
9,0,199908,3.14,82.1,-3.3,-3.3,-2.67,-3.3,479,0,-1.19,-1.05,-0.18,-1.27,-1.28,-1.02,0.55,70.1,94.1
9,0,199909,3.89,73.4,-3.02,-3.02,-0.19,-3.02,206,9,0.17,-0.79,-0.89,-0.75,-1.04,-1.47,0.43,60.8,85.9
9,0,199910,2.8,64.4,-2.79,-2.79,-0.24,-2.79,52,145,0.14,0.07,-0.59,-0.3,-1.24,-1.32,0.15,53.1,75.8
9,0,199911,2.26,57.7,-2.94,-2.94,-1.32,-2.94,15,288,-0.22,-0.09,-0.07,-0.25,-1.19,-1.26,-0.22,44.4,71
9,0,199912,2.18,47.9,-3.39,-3.39,-2.26,-3.39,2,598,-1.17,-0.99,-0.71,-1.22,-1.06,-1.37,-0.55,35.3,60.5
9,0,200001,4.68,46.2,-3.04,-3.04,0.01,-2.97,6,673,0.33,-0.49,-0.58,-0.79,-0.65,-1.41,-0.72,35.2,57.2
9,0,200002,1.8,51.6,-3.72,-3.72,-2.99,-3.72,5,443,-1.53,-0.9,-1.25,-0.99,-1.03,-1.69,-1.3,37.4,65.8
9,0,200003,4.74,59.1,-3.59,-3.59,-0.77,-3.59,32,287,-0.05,-1.01,-0.72,-0.95,-1.29,-1.22,-1.48,46,72.3
9,0,200004,2.7,60.6,-3.54,-3.54,-0.94,-3.54,12,208,-0.51,-0.42,-1.08,-1.14,-1.3,-1.12,-1.94,47.2,74.1
9,0,200005,1,73.9,-4.37,-4.37,-3.6,-4.37,228,15,-1.96,-1.48,-1.09,-1.46,-1.31,-1.34,-2.08,60.9,87
9,0,200006,3.89,78,-4.39,-4.39,-1.39,-4.39,338,0,-0.3,-1.45,-1.48,-1.32,-1.43,-1.65,-1.92,65.4,90.5
9,0,200007,3.55,80.9,-4.96,-4.96,-3.08,-4.96,446,0,-1.44,-1.12,-1.79,-1.88,-1.83,-1.88,-2.04,68.8,92.9
9,0,200008,4.22,79.5,-4.98,-4.98,-1.61,-4.98,404,0,-0.37,-1.21,-1.2,-1.59,-1.94,-1.78,-1.91,68.2,90.8
9,0,200009,6.68,72.6,-3.54,-3.54,2.8,-2.43,186,13,1.4,0.95,0.11,-0.93,-1.1,-1.29,-1.91,63.1,82.1
9,0,200010,0.48,63.7,-3.86,-3.86,-2.05,-3.47,51,131,-1.6,0.26,0,-1.43,-1.59,-1.7,-2.02,49.5,78
9,0,200011,4.3,53.6,-3,-3,1.37,-2.07,4,418,0.91,-0.21,0.64,-0.25,-0.95,-1.42,-1.68,41.8,65.4
9,0,200012,3.34,40.6,-2.74,-2.74,-0.13,-1.82,0,848,-0.33,0.34,-0.4,-0.28,-1.05,-1.28,-2.29,30,51.2
9,0,200101,2.83,43.3,-2.85,-2.85,-1.19,-2.32,2,749,-0.75,-0.77,-0.16,-0.11,-1.14,-1.52,-1.99,31,55.6
9,0,200102,2.02,53.6,-3.53,-3.53,-2.91,-3.53,9,412,-1.4,-1.52,-1.38,-0.49,-1.14,-1.56,-2.05,41.7,65.5
9,0,200103,8.97,53.8,-1.95,-1.95,3.65,-0.44,9,445,1.69,0.53,0,-0.27,-0.21,-0.81,-1.47,42.7,64.9
9,0,200104,1.84,64.2,-2.51,-2.51,-2.29,-1.89,42,116,-1.1,0.69,-0.08,-0.19,-0.17,-0.95,-1.53,51.2,77.2
9,0,200105,2.7,70.8,-2.7,-2.7,-1.36,-2.53,156,34,-0.45,-1.13,0.35,-0.64,-0.24,-0.69,-1.52,57.5,84.1
9,0,200106,7.38,76.4,-1.35,-1.35,3.24,0.15,285,3,1.63,0.84,0.03,0.01,-0.24,-0.23,-1.37,66.1,86.6
9,0,200107,5.23,79.3,-1.12,-1.12,0.25,0.43,397,0,-0.04,1.02,0.55,0.25,0.09,0.04,-1.37,69.2,89.4
9,0,200108,2.93,79.3,-1.58,-1.58,-1.72,-0.67,400,0,-1.38,-0.99,0.27,0.36,-0.43,-0.11,-1.32,69.1,89.5
9,0,200109,3.92,72.1,-1.3,-1.3,0.35,-0.28,173,17,0.18,-0.89,-0.83,-0.49,-0.34,-0.52,-1.29,61.2,82.9
9,0,200110,0.86,61.7,-1.75,-1.75,-1.74,-1.21,29,199,-1.24,-0.72,-1.54,-0.48,-0.44,-0.47,-1.48,47.6,75.7
9,0,200111,1.37,59.9,-2.39,-2.39,-2.47,-2.39,25,241,-0.98,-1.59,-1.05,-0.66,-0.26,-0.92,-1.5,45.8,74.1
9,0,200112,1.75,52.9,-3.21,-3.21,-3.19,-3.21,9,463,-1.55,-1.72,-2.2,-2.38,-1.51,-1.21,-2.11,40.9,64.8
9,0,200201,4.11,48.1,-3.22,-3.22,-1.01,-3.22,8,612,0.02,-0.9,-1.2,-2.01,-1.15,-0.96,-1.7,36.1,60
9,0,200202,2.33,48.4,-3.62,-3.62,-2.21,-3.62,2,531,-1.22,-0.91,-1.38,-1.94,-1.47,-0.94,-1.64,35.2,61.7
9,0,200203,5.6,56.9,-3.16,-3.16,0.26,-3,20,356,0.34,-0.51,-0.49,-1.45,-1.74,-1.43,-1.62,43,70.7
9,0,200204,2.18,67.9,-3.68,-3.68,-2.52,-3.68,86,72,-0.86,-0.31,-0.83,-1.34,-1.9,-1.37,-1.73,56,79.8
9,0,200205,3.15,70.2,-3.57,-3.57,-0.83,-3.57,135,49,-0.15,-0.8,-0.36,-1.1,-1.43,-1.26,-1.46,57.5,83
9,0,200206,3.51,77.4,-3.58,-3.58,-1.13,-3.58,323,0,-0.6,-0.57,-1.03,-0.92,-1.61,-1.79,-1.48,66.3,88.4
9,0,200207,4.42,80.8,-3.85,-3.85,-1.9,-3.85,453,0,-0.62,-0.86,-0.84,-1.14,-1.56,-1.96,-1.42,69.9,91.7
9,0,200208,3.72,79.6,-4.1,-4.1,-1.94,-4.1,424,0,-0.73,-1,-1.21,-1.01,-1.56,-1.91,-1.4,68.3,90.8
9,0,200209,6.13,76.8,0.52,-3.16,1.55,-2.5,303,0,1.19,0.53,0.04,-0.69,-0.78,-1.48,-1.42,67.7,85.8
9,0,200210,4.43,68.2,0.92,-2.38,1.36,-1.16,106,79,1,1.5,0.97,0.11,-0.5,-1.01,-1.04,59.6,76.7
9,0,200211,4.88,52.3,1.65,-1.31,2.48,0.82,2,454,1.16,1.3,1.58,0.67,0.23,-0.5,-0.98,40.8,63.9
9,0,200212,5.26,45.7,2.04,-0.61,1.68,1.97,1,665,0.72,1.14,1.31,1.05,0.33,0.03,-0.83,34.7,56.7
9,0,200301,1.77,42.3,1.09,-1.28,-2.2,0.42,1,786,-1.51,-0.42,0.25,0.75,0.16,-0.32,-0.91,30.7,53.9
9,0,200302,5.31,48.9,1.29,-0.85,0.92,1.04,2,529,0.46,-0.66,-0.18,1.08,0.42,0.12,-0.61,37.7,60.2
9,0,200303,7.33,59,1.69,1.69,1.6,1.69,31,295,1.07,1.07,0.17,1.02,0.89,0.35,-0.74,48.7,69.3
9,0,200304,4.73,62.7,1.78,1.78,0.79,1.78,27,153,0.59,1.08,1.06,0.89,1.16,0.7,-0.45,50.8,74.6
9,0,200305,6.33,71.7,2.47,2.47,2.63,2.47,165,37,1.51,1.41,1.56,1,1.72,1.11,-0.09,61.3,82.1
9,0,200306,7.22,76.1,3.45,3.45,3.7,3.45,272,4,1.56,2.03,2,1.34,1.81,1.68,-0.11,65.9,86.3
9,0,200307,7.59,78.7,4.07,4.07,2.94,4.07,377,0,1.19,1.7,2.25,2.12,1.84,2.04,0.11,69.5,87.9
9,0,200308,5.78,79.2,4.27,4.27,1.86,4.27,402,0,0.58,1.14,1.64,2.17,1.63,2.17,0.39,70.1,88.3
9,0,200309,2.88,73.1,3.85,3.85,0.05,3.81,199,11,-0.42,0.02,0.72,1.72,1.39,1.82,0.27,62.2,83.9
9,0,200310,2.99,64.4,3.74,3.74,0.87,3.74,52,143,0.25,-0.26,0.1,1.62,1.82,1.67,0.49,52.6,76.2
9,0,200311,2.82,59.4,-0.04,3.31,-0.13,3.2,22,251,0.15,0.2,-0.15,1.11,1.71,1.4,0.59,46.5,72.1
9,0,200312,2.48,44.3,-0.34,2.67,-0.91,2.14,0,701,-0.93,-0.59,-0.34,0.18,1.13,1.05,0.8,31.6,57.1
9,0,200401,2.85,45,-0.73,1.97,-1.26,0.91,4,700,-0.74,-1.14,-0.89,-0.58,0.8,1.17,0.6,32.5,57.5
9,0,200402,5.34,46.1,-0.28,2.14,1.13,1.49,1,595,0.47,-0.23,-0.67,-0.56,0.5,1.19,0.9,36.5,55.6
9,0,200403,0.92,59,-1.66,-1.66,-4.23,-1.66,33,278,-2.1,-1.11,-1.29,-1.17,-0.69,0.32,0.46,45.4,72.6
9,0,200404,2.1,62.2,-2.29,-2.29,-2.4,-2.29,24,158,-0.91,-2.07,-1.35,-1.51,-1.3,-0.05,0.46,47.7,76.7
9,0,200405,3,73.6,-2.61,-2.61,-1.66,-2.61,228,13,-0.24,-0.9,-1.86,-1.53,-1.41,-0.53,0.44,61.5,85.7
9,0,200406,7.32,78.1,0.88,-1.45,2.65,-0.27,337,0,1.61,0.93,0.19,-0.8,-0.85,-0.54,0.81,68.1,88
9,0,200407,4.31,80.1,0.38,-1.72,-1.23,-1.03,416,0,-0.71,0.69,0.33,-0.77,-1.11,-0.99,0.82,69.6,90.5
9,0,200408,4.78,77.6,0.39,-1.49,0.15,-0.7,335,0,0,-0.51,0.53,-1.04,-1.13,-1.13,0.9,67.6,87.7
9,0,200409,12.02,73.6,3.38,3.38,9.09,3.38,208,11,3.04,2.84,2.12,1.52,0.42,0.17,1.49,64.9,82.3
9,0,200410,1.85,67.7,2.9,2.9,-0.4,2.68,101,79,-0.46,2.56,2.19,1.71,0.5,0.02,1.19,58,77.4
9,0,200411,4.65,57.9,3.26,3.26,1.96,3.26,16,291,1.07,0.45,2.21,2.07,0.71,0.28,1.15,47.1,68.7
9,0,200412,3.02,46.8,2.74,2.74,-0.54,2.47,1,639,-0.54,0.35,0.04,1.37,1.16,0.38,1.01,34.8,58.8
9,0,200501,2.22,49.5,1.72,1.72,-2.21,0.51,14,562,-1.17,-1.18,-0.34,1.16,1.16,0.27,1,38.1,60.9
9,0,200502,4.31,50.9,1.45,1.45,-0.28,0.13,5,464,-0.1,-0.88,-1,1.13,1.21,0.14,0.91,40.3,61.5
9,0,200503,6.93,53.7,1.9,1.9,1.81,1.25,10,431,0.9,0.62,-0.1,-0.07,1.02,0.93,0.88,42,65.4
9,0,200504,4.96,60.7,2.14,2.14,1.29,1.87,15,184,0.7,1.03,0.78,0.32,1.33,1.33,0.93,47.7,73.7
9,0,200505,3.03,68.3,1.79,1.79,-0.38,1.32,100,67,-0.22,0.26,0.71,-0.14,1.24,1.32,0.6,55.7,80.8
9,0,200506,7.62,76.6,2.93,2.93,3.96,2.93,296,2,1.74,1.05,1.2,0.64,0.48,1.41,0.63,67.3,85.8
9,0,200507,8.22,80.9,3.66,3.66,3.11,3.66,443,0,1.46,1.99,1.61,1.52,1.05,1.89,0.71,71.6,90.1
9,0,200508,6.04,80.3,3.91,3.91,1.88,3.91,432,0,0.72,1.42,1.94,1.8,0.95,1.95,0.7,71.3,89.3
9,0,200509,0.99,77,-0.87,2.64,-2.61,1.57,308,0,-2.1,-0.79,0.39,0.98,0.69,0.56,0.49,65.6,88.5
9,0,200510,3.31,65.8,-0.64,2.51,0.43,1.58,73,106,0.43,-0.94,-0.39,0.95,1.1,0.78,0.52,54.9,76.7
9,0,200511,2.92,57,-0.64,2.18,-0.22,1.14,10,325,0.2,0.35,-0.64,1.07,1.18,0.55,0.49,44,70
9,0,200512,4.19,44.8,-0.46,2.07,0.34,1.13,1,707,0.17,0.14,0.3,0.43,0.9,0.73,0.79,33,56.5
9,0,200601,4.1,51.8,-0.59,1.69,-0.51,0.57,20,508,0.02,0.06,0.05,-0.17,0.71,0.95,0.84,39.8,63.8
9,0,200602,4.35,47.4,-0.52,1.52,0.03,0.42,1,574,-0.07,-0.13,-0.09,-0.45,0.79,0.98,0.74,36,58.9
9,0,200603,1.54,56.1,-1.58,-1.58,-3.34,-1.58,17,362,-1.72,-1.25,-1.05,-0.57,-0.33,0.23,0.82,43.1,69.1
9,0,200604,2.48,67,-2.11,-2.11,-2.08,-2.11,77,71,-0.66,-1.67,-1.34,-0.9,-0.98,-0.12,0.88,53.3,80.6
9,0,200605,2.66,70.4,-2.32,-2.32,-1.3,-2.32,143,42,-0.48,-0.88,-1.64,-1.07,-1.24,-0.19,0.85,58,82.8
9,0,200606,3.58,77.4,-2.44,-2.44,-1.09,-2.44,324,0,-0.54,-0.77,-1.07,-1.34,-0.96,-0.78,0.46,64.7,90
9,0,200607,3.05,81,-3.31,-3.31,-3.35,-3.31,460,0,-2.12,-1.6,-1.47,-1.89,-1.48,-1.51,0.32,69.2,92.8
9,0,200608,4.35,81.6,-3.62,-3.62,-1.94,-3.62,479,0,-0.28,-1.43,-1.54,-2.19,-1.65,-1.81,0.26,71,92.3
9,0,200609,3.41,73.3,-3.55,-3.55,-0.91,-3.55,194,14,-0.1,-0.41,-1.41,-1.52,-1.75,-1.37,-0.6,62.3,84.2
9,0,200610,3.01,62.5,-3.16,-3.16,0.05,-3.08,34,185,0.27,-0.03,-0.22,-1.35,-1.7,-1.47,-0.47,49.6,75.5
9,0,200611,3.01,54.2,-2.9,-2.9,-0.19,-2.83,4,387,0.26,0.28,0.08,-1.06,-1.9,-1.5,-0.65,41.6,66.8
9,0,200612,3.46,51.9,-2.98,-2.98,-1.12,-2.98,7,491,-0.26,-0.1,0.03,-0.88,-1.29,-1.7,-0.56,39.6,64.2
9,0,200701,4.24,49.2,-2.74,-2.74,-0.22,-2.74,10,586,0.09,-0.16,-0.09,-0.19,-1.05,-1.58,-0.39,38.9,59.5
9,0,200702,2.74,46.7,-3,-3,-1.6,-3,1,594,-0.98,-0.7,-0.74,-0.44,-1.24,-1.96,-0.57,34,59.5
9,0,200703,2.17,60,-3.76,-3.76,-3.21,-3.76,42,245,-1.35,-1.62,-1.28,-0.92,-1.48,-1.73,-1.02,45.9,74
9,0,200704,1.79,60.9,-4,-4,-1.88,-4,14,207,-1.14,-1.7,-1.87,-1.33,-1.3,-1.83,-1.41,47,74.9
9,0,200705,0.59,70.5,-4.76,-4.76,-3.52,-4.76,155,31,-2.49,-2.04,-2.36,-1.83,-1.56,-2.02,-1.66,56.4,84.6
9,0,200706,4.49,77.7,-4.51,-4.51,-0.71,-4.51,346,0,0.11,-1.35,-1.74,-1.85,-1.51,-1.87,-1.96,65.8,89.7
9,0,200707,5.33,78.9,-4.26,-4.26,-0.65,-4.26,373,0,0.02,0,-1.07,-2.01,-1.66,-1.6,-2.26,68.5,89.3
9,0,200708,4.06,83.2,-4.6,-4.6,-2.33,-4.6,539,0,-0.48,-0.37,-0.3,-2,-1.92,-1.68,-2.31,71.7,94.7
9,0,200709,3.1,75.8,-4.66,-4.66,-1.62,-4.66,286,0,-0.28,-0.72,-0.65,-1.56,-1.92,-1.65,-2.07,64.9,86.6
9,0,200710,2.72,67.8,-4.5,-4.5,-0.95,-4.5,101,82,0.1,-0.28,-0.57,-1.28,-1.95,-1.77,-2.16,56.8,78.7
9,0,200711,1.32,54,-4.74,-4.74,-2.12,-4.74,4,398,-1.04,-0.54,-0.67,-0.86,-2.26,-2.11,-2.15,40,67.9
9,0,200712,5.52,52.9,-4.17,-4.17,0.25,-4.02,9,465,0.85,0.04,0.05,-0.41,-1.31,-1.88,-3.09,41.4,64.4
9,0,200801,3.4,45,-4.03,-4.03,-0.86,-4.03,4,709,-0.39,0.29,-0.23,-0.5,-1.1,-1.89,-2.33,34.2,55.8
9,0,200802,5.67,50.8,-3.24,-3.24,1.11,-2.76,4,480,0.66,0.11,0.5,-0.04,-0.26,-1.49,-2.15,37.1,64.5
9,0,200803,3.63,55.4,-3.36,-3.36,-1.36,-3.35,15,386,-0.58,-0.03,-0.31,-0.21,-0.49,-1.17,-2.1,41.6,69.2
9,0,200804,3.24,62.6,-3.24,-3.24,-0.68,-3.24,26,159,-0.19,-0.62,-0.15,-0.29,-0.51,-0.96,-2.07,50.3,74.8
9,0,200805,2.61,70.3,-3.3,-3.3,-1.18,-3.3,140,44,-0.51,-0.59,-0.78,-0.21,-0.53,-0.65,-2.02,57.8,82.8
9,0,200806,2.52,79.4,-3.79,-3.79,-2.48,-3.79,382,0,-1.56,-1.32,-1.19,-0.89,-0.73,-0.95,-2.1,66.9,91.8
9,0,200807,4.87,79.7,-3.85,-3.85,-1.36,-3.85,408,0,-0.28,-1.15,-1.22,-0.86,-0.84,-1,-1.91,68.6,90.9
9,0,200808,7.45,78.9,-2.66,-2.66,2.39,-1.67,386,0,1.42,0.79,0.04,-0.62,-0.16,-0.49,-1.52,69.3,88.5
9,0,200809,1.19,74.6,-3.35,-3.35,-2.88,-3.35,241,6,-1.85,0.01,-0.25,-0.97,-0.88,-0.77,-1.69,64.3,84.8
9,0,200810,4.44,62.4,0.58,-2.42,1.75,-1.66,34,176,1.01,-0.36,0.59,-0.46,-0.47,-0.54,-1.57,50.7,74.2
9,0,200811,3.59,51.4,0.9,-1.79,1.14,-0.55,1,478,0.57,0.93,0.01,-0.01,-0.56,-0.21,-1.45,38.8,64
9,0,200812,4.38,51.7,0.95,-1.47,0.42,-0.07,7,513,0.28,0.45,0.81,0.48,-0.26,-0.37,-1.78,40.7,62.7
9,0,200901,2.65,46.3,-0.52,-1.83,-1.55,-1.01,6,676,-0.87,-0.42,-0.12,0.28,-0.49,-0.49,-1.62,34.8,57.7
9,0,200902,2.29,47.7,-1.18,-2.36,-2.14,-2.21,1,541,-1.24,-1.48,-1.06,-0.76,-0.7,-1.03,-1.65,34,61.4
9,0,200903,6.62,56.4,0.42,-1.7,1.25,-0.98,18,357,0.78,-0.17,-0.62,0.12,-0.02,-0.53,-1.23,44.6,68.1
9,0,200904,6.73,61.8,1.34,-0.56,2.9,1.33,21,180,1.46,1.47,0.64,0.35,0.55,-0.04,-0.73,49.4,74.2
9,0,200905,6.39,71.3,2.12,2.12,2.77,2.12,166,29,1.54,2.16,1.87,0.7,0.53,0.46,-0.14,61.8,80.7
9,0,200906,2.81,79.8,-0.62,1.29,-1.86,0.38,393,0,-1.24,0.51,1.3,0.34,0.68,0.49,-0.31,68.5,90.9
9,0,200907,3.62,78.5,-1.22,-1.22,-1.98,-1.22,363,0,-1.36,-1.72,-0.25,0.31,0.16,0.34,-0.52,67.6,89.3
9,0,200908,5.65,78.8,0.17,-0.92,0.5,-0.52,385,0,0.51,-0.43,-1.01,0.9,0.19,0.12,-0.34,68.8,88.8
9,0,200909,5.95,74.5,0.82,0.82,2,0.82,230,8,1.11,1.21,0.38,1.04,0.44,0.73,-0.06,65.5,83.6
9,0,200910,5.75,64.1,1.91,1.91,3.54,1.91,47,170,1.59,1.88,1.85,1.13,1.16,0.93,0.25,54.1,74.1
9,0,200911,3.94,55.6,2.28,2.28,1.7,2.28,7,345,0.75,1.4,1.63,0.8,1.68,0.98,0.46,44,67.1
9,0,200912,9.08,46.2,3.81,3.81,5.3,3.81,1,675,2.26,1.93,2.16,1.92,2.11,1.57,0.93,36.4,56.1
9,0,201001,6.05,41.8,4.13,4.13,2.12,4.13,1,805,1,2.2,2.04,2.33,2.11,1.99,1.13,30.8,52.7
9,0,201002,3.57,42.1,-0.16,3.55,-0.47,3.31,0,711,-0.51,0.33,1.81,2.08,1.48,2.13,0.93,31.8,52.5
9,0,201003,3.68,52.1,-0.47,2.85,-0.99,2.17,5,466,-0.55,-0.75,-0.14,1.55,1.49,1.77,0.94,40.5,63.7
9,0,201004,2.36,64.5,-1.03,1.95,-1.82,0.55,46,106,-0.74,-0.92,-0.97,0.78,1.5,1.26,0.88,49.9,79.1
9,0,201005,5.15,73.6,-0.63,2.05,0.9,0.98,221,15,0.97,0.07,-0.28,0.85,1.62,1.08,1.14,62.4,84.8
9,0,201006,4.27,81,-0.74,1.66,-0.54,0.4,436,0,-0.03,0.59,-0.02,-0.12,1.29,1.32,1.3,69.9,92.1
9,0,201007,3.71,82.2,-1.51,0.65,-2.52,-1.41,492,0,-1.27,-0.84,-0.15,-0.82,0.58,1.3,1.24,71.3,93
9,0,201008,5.15,82.2,-1.65,-1.65,-0.9,-1.65,498,0,0.23,-0.63,-0.58,-0.62,0.47,1.2,0.95,72.6,91.8
9,0,201009,3.27,76.5,-1.96,-1.96,-1.44,-1.96,298,0,-0.18,-0.09,-0.81,-0.51,-0.44,0.84,1.14,63.6,89.4
9,0,201010,1.48,64.8,-2.36,-2.36,-1.79,-2.36,58,127,-0.73,-0.74,-0.56,-0.47,-0.97,0.29,0.82,50.2,79.3
9,0,201011,2.08,54.8,-2.57,-2.57,-1.36,-2.57,5,368,-0.35,-0.78,-0.78,-1.22,-1.03,0.03,0.63,41.3,68.3
9,0,201012,2.27,39.9,-2.93,-2.93,-1.89,-2.93,0,851,-1.1,-1.04,-1.26,-1.62,-1.13,-1,0.58,28.3,51.5
9,0,201101,3.33,41.8,-3,-3,-1.12,-3,1,787,-0.43,-1.02,-1.05,-1.16,-1.06,-1.39,0.55,30.8,52.8
9,0,201102,3.7,51.1,-3.01,-3.01,-0.94,-3.01,5,460,-0.44,-0.68,-1.07,-1.39,-1.62,-1.43,0.68,39.1,63.2
9,0,201103,5.97,57.8,-2.53,-2.53,0.5,-2.26,25,322,0.5,0.09,-0.23,-0.88,-1.18,-1,0.65,45.6,70
9,0,201104,2.84,65.8,-2.78,-2.78,-1.54,-2.78,58,97,-0.43,0.04,-0.16,-0.78,-0.95,-0.94,0.27,51.9,79.7
9,0,201105,1.15,71.3,-3.49,-3.49,-2.99,-3.49,163,33,-1.79,-1.36,-0.63,-1.08,-1.31,-1.48,-0.28,57.4,85.2
9,0,201106,3.63,81.1,-3.91,-3.91,-2.34,-3.91,427,0,-0.5,-1.51,-1.47,-0.97,-1.37,-1.57,-0.2,68.1,94.1
9,0,201107,4.54,81.9,-4.29,-4.29,-2.32,-4.29,490,0,-0.52,-0.74,-1.46,-1.01,-1.38,-1.48,-0.13,71.2,92.6
9,0,201108,2.44,82.2,-5.26,-5.26,-4.26,-5.26,486,0,-1.86,-1.7,-1.73,-1.47,-1.73,-1.94,-0.45,70.1,94.4
9,0,201109,3.86,73.7,-4.92,-4.92,-0.59,-4.92,207,11,0.15,-1.2,-1.39,-1.77,-1.41,-1.75,-0.65,62.4,85
9,0,201110,2.59,61.6,-4.53,-4.53,-0.35,-4.53,28,196,0.02,-0.02,-0.99,-2.01,-1.3,-1.66,-0.94,48.7,74.4
9,0,201111,2.83,56.2,-4.3,-4.3,-0.71,-4.3,8,338,0.15,0.05,0.03,-1.24,-1.3,-1.59,-1.03,43.5,68.9
9,0,201112,3.23,51.3,-4.36,-4.36,-1.51,-4.36,6,505,-0.4,-0.26,-0.23,-1.12,-1.71,-1.5,-2.12,39.7,62.8
9,0,201201,3.04,50,-4.49,-4.49,-1.74,-4.49,15,558,-0.61,-0.73,-0.58,-1.05,-1.75,-1.47,-1.95,37.5,62.6
9,0,201202,2.92,52.8,-4.67,-4.67,-1.93,-4.67,8,426,-0.88,-1.1,-1.1,-0.77,-1.66,-1.69,-1.98,41.3,64.2
9,0,201203,4.24,64.8,-4.84,-4.84,-1.96,-4.84,90,158,-0.28,-0.78,-0.99,-0.87,-1.43,-1.87,-2.07,52.8,76.8
9,0,201204,1.59,65.6,-5.26,-5.26,-2.75,-5.26,58,94,-1.3,-0.99,-1.23,-1.24,-1.57,-2.05,-2.22,52.6,78.6
9,0,201205,3.99,73.5,-4.91,-4.91,-0.58,-4.91,226,13,0.36,-0.7,-0.68,-1.12,-0.97,-1.53,-2.28,61.7,85.3
9,0,201206,4.73,75.6,-4.22,-4.22,0.55,-3.96,285,2,0.27,0.32,-0.52,-0.99,-0.95,-1.38,-2.19,64.3,86.9
9,0,201207,4.44,82.2,-4.38,-4.38,-1.79,-4.38,498,0,-0.6,-0.28,-0.14,-0.99,-1.13,-1.4,-2.11,71.1,93.2
9,0,201208,6.25,78.1,-3.45,-3.45,1.45,-2.84,358,0,0.83,0.18,0.23,-0.42,-0.9,-0.83,-1.89,68.6,87.6
9,0,201209,2.91,74,-3.42,-3.42,-0.97,-3.13,221,8,-0.4,0.24,-0.21,-0.51,-0.96,-0.96,-1.88,63,85
9,0,201210,1.91,64.7,-3.43,-3.43,-1.09,-3.43,54,147,-0.42,-0.71,-0.11,-0.16,-0.92,-1.1,-1.86,53.3,76
9,0,201211,1.07,52.6,-3.76,-3.76,-2.06,-3.76,3,433,-1.33,-1.1,-1.15,-0.77,-1.03,-1.4,-1.85,39.4,65.8
9,0,201212,4.93,52.1,-3.4,-3.4,-0.07,-3.37,7,479,0.56,-0.29,-0.47,-0.55,-0.72,-1.17,-2.31,41.4,62.8
9,0,201301,3.32,52.5,-3.53,-3.53,-1.44,-3.53,22,504,-0.44,0.04,-0.51,-0.44,-0.51,-1.08,-1.75,41.5,63.5
9,0,201302,9.62,48.8,1.8,-1.36,5.41,0.84,3,540,2.76,1.66,1.54,0.37,0.38,-0.07,-1.17,37.5,60
9,0,201303,3.99,50.3,1.43,-1.41,-0.55,0.49,3,538,-0.4,1.37,0.89,0.28,0.13,-0.12,-1.39,38.1,62.4
9,0,201304,5.09,62.9,1.66,-0.89,1.12,1.31,28,156,0.76,0.13,1.38,0.67,0.51,0.37,-1.18,50.6,75.2
9,0,201305,3.78,68.4,1.63,-0.66,0.42,1.53,105,63,0.24,0.59,0.17,1,0.28,0.31,-0.9,57,79.8
9,0,201306,7.56,77.8,2.71,2.71,3.76,2.71,331,0,1.71,1.29,1.45,1.47,0.89,0.7,-0.48,68.2,87.4
9,0,201307,9.6,78.2,4.14,4.14,5.1,4.14,358,0,1.99,2.34,2.2,2.32,1.63,1.41,0.02,69.9,86.5
9,0,201308,7.6,78,5.09,5.09,4.15,5.09,342,0,1.49,2.24,2.55,1.94,2.16,1.54,0.54,69.2,86.8
9,0,201309,2.37,74.5,4.34,4.34,-0.67,4.04,230,8,-0.77,0.58,1.71,2.01,1.97,1.48,0.37,64.4,84.5
9,0,201310,0.94,65,3.39,3.39,-1.51,2.47,60,128,-1.17,-1.39,-0.17,1.45,1.88,1.38,0.21,53.6,76.4
9,0,201311,3.23,53.2,3.22,3.22,0.52,2.45,3,443,0.38,-0.48,-0.89,1.47,1.2,1.66,0.21,41.6,64.7
9,0,201312,6.39,51.2,3.62,3.62,2.19,3.59,7,539,1.24,0.99,0.34,1.28,1.66,1.81,0.67,40.7,61.6
9,0,201401,3.33,40,3.07,3.07,-0.53,2.77,1,882,-0.43,0.56,0.54,0.31,1.43,1.83,0.61,28.3,51.6
9,0,201402,4.06,49.8,2.6,2.6,-0.46,2.07,4,511,-0.24,-0.54,0.25,-0.34,1.29,1.14,0.72,38.1,61.6
9,0,201403,4.41,52.9,2.2,2.2,-0.4,1.47,7,448,-0.2,-0.32,-0.56,-0.19,0.69,1.17,0.76,40.4,65.4
9,0,201404,7.35,63.1,3.08,3.08,3.33,3.08,30,145,1.7,0.99,0.69,0.8,0.6,1.5,1.33,50.6,75.6
9,0,201405,3.87,71.2,0.01,2.77,0.03,2.73,163,31,0.29,1.47,0.89,0.76,0.18,1.5,1.34,59,83.4
9,0,201406,3.64,78.3,-0.24,2.25,-0.72,1.85,350,0,-0.49,-0.19,0.97,0.18,0.27,0.98,1.22,67.6,89.1
9,0,201407,3.96,78.9,-0.73,1.5,-1.55,0.42,367,0,-1.02,-1.04,-0.7,0.08,0.34,0.2,1.22,68.4,89.4
9,0,201408,3.37,79.2,-1.33,0.67,-2.02,-1.19,379,0,-1,-1.47,-1.54,-0.13,0.07,-0.36,0.87,68,90.5
9,0,201409,4.97,75.5,0.21,0.81,0.62,-0.72,269,3,0.7,-0.13,-0.73,0.2,-0.16,-0.03,1.06,66.3,84.8
9,0,201410,2.78,65.6,0.09,0.63,-0.28,-0.9,68,114,0.13,0.49,-0.09,-0.59,-0.02,0.24,1.13,52.4,78.7
9,0,201411,4.36,49.8,0.66,1.14,1.73,0.21,1,526,0.94,0.66,0.81,-0.27,0.35,0.4,1.46,36.6,63.1
9,0,201412,5.31,51.3,0.98,1.41,1.16,0.76,6,505,0.75,1,0.82,0.23,0.64,0.27,1.45,40.3,62.3
9,0,201501,3.64,45,-0.16,1.11,-0.47,0.32,4,707,-0.25,0.3,0.63,0.42,-0.08,0.29,1.53,34.1,55.9
9,0,201502,4.48,43.2,0,1.14,0.42,0.46,0,708,0,-0.26,0.15,0.69,-0.09,0.37,1.04,31.8,54.7
9,0,201503,2.8,58.8,-0.83,-0.83,-2.5,-0.83,30,305,-1.01,-0.74,-0.8,0,-0.33,0.13,0.93,47.3,70.2
9,0,201504,6.19,66.7,-0.2,-0.2,1.65,0.55,66,97,1.24,0.1,0.09,0.45,0.33,-0.04,1.05,56.1,77.4
9,0,201505,2.16,72.4,-0.86,-0.86,-2.05,-0.86,194,20,-0.85,0.4,-0.29,-0.12,0.3,-0.3,0.9,59.8,84.9
9,0,201506,4.24,79.3,-1.05,-1.05,-0.84,-1.05,382,0,-0.05,-0.69,0.25,-0.42,0.08,-0.24,0.56,68.1,90.5
9,0,201507,4.65,81.4,-1.53,-1.53,-1.77,-1.53,461,0,-0.44,-0.4,-0.85,-0.46,-0.03,-0.11,0.03,70.6,92.1
9,0,201508,5.78,79.5,0.15,-1.22,0.45,-0.91,397,0,0.58,0.08,-0.02,-0.3,-0.11,0.26,-0.16,69.2,89.7
9,0,201509,3.75,73.8,0.03,-1.21,-0.33,-0.99,218,9,0.09,0.4,0.01,0.12,-0.37,0.06,-0.03,64.5,83.1
9,0,201510,3.22,64.8,0.09,-1.02,0.21,-0.62,58,129,0.38,0.18,0.48,-0.27,-0.2,0.13,0.21,53.9,75.6
9,0,201511,6.28,59.8,1.04,1.04,2.86,1.04,25,261,1.7,1.35,1.09,0.84,0.41,0.41,0.47,49.7,69.9
9,0,201512,8.52,58.7,2.18,2.18,3.74,2.18,35,306,2.07,2.36,2.02,1.63,1.41,0.85,0.81,48.6,68.8