StateCode,Division,YearMonth,PCP,TAVG,PDSI,PHDI,ZNDX,PMDI,CDD,HDD,SP01,SP02,SP03,SP06,SP09,SP12,SP24,TMIN,TMAX
105,0,198001,1.17,14.6,-0.98,-0.98,0.47,-0.61,0,1488,1.06,0.04,-0.33,-0.85,-1.06,-0.87,-0.05,4.1,25.1
105,0,198002,0.78,21.7,-1,-1,-0.35,-0.75,0,1221,0.01,0.76,-0.02,-1.04,-0.86,-0.92,-0.13,11.5,31.8
105,0,198003,1.29,28.1,-0.91,-0.91,-0.04,-0.6,0,1099,0.43,0.34,0.86,-0.07,-0.44,-0.96,0.08,17.2,39.1
105,0,198004,0.92,46,-1.85,-1.85,-3.12,-1.85,1,531,-1.53,-1.15,-1.14,-1.12,-1.39,-1.39,-0.32,31.8,60.2
105,0,198005,2.46,55.3,-2.13,-2.13,-1.4,-2.13,40,285,-0.13,-0.97,-0.79,-0.79,-1.46,-1.23,-0.86,41.5,69.1
105,0,198006,2.44,63.4,-2.57,-2.57,-1.98,-2.57,141,113,-0.54,-0.54,-1.07,-0.75,-0.96,-1.07,-0.76,49.4,77.3
105,0,198007,1.25,70.4,-3.45,-3.45,-3.44,-3.45,279,36,-1.28,-1.14,-0.98,-1.31,-1.34,-1.5,-1.17,55,85.8
105,0,198008,2.7,64.7,-2.56,-2.56,1.59,-1.87,176,85,1.63,0.25,-0.22,-0.68,-0.69,-1.08,-0.91,51,78.4
105,0,198009,1.19,57.6,-2.74,-2.74,-1.33,-2.52,58,204,-0.47,0.72,-0.07,-0.87,-0.66,-0.84,-1.18,43.4,71.9
105,0,198010,1.67,44.9,-2.02,-2.02,1.33,-1.23,0,574,0.75,0.1,0.9,-0.23,-0.58,-0.71,-0.9,31.8,58
105,0,198011,0.6,34.6,-2.34,-2.34,-1.59,-2.1,0,858,-0.88,0.1,-0.28,-0.41,-0.71,-0.74,-1.05,23.5,45.6
105,0,198012,0.81,24.8,-2.31,-2.31,-0.64,-2.26,0,1220,-0.08,-0.74,0.03,-0.14,-0.79,-0.61,-1.12,14.3,35.2
105,0,198101,0.35,26.1,-2.85,-2.85,-2.32,-2.85,1,1211,-2.38,-1.35,-1.57,0.11,-0.64,-0.95,-1.25,14.7,37.5
105,0,198102,0.6,25.8,-3.1,-3.1,-1.63,-3.1,0,1060,-0.89,-2.1,-1.66,-0.93,-0.8,-1.01,-1.31,14.3,37.4
105,0,198103,1.22,36.3,-3.7,-3.7,-2.75,-3.7,0,847,0.23,-0.31,-1.45,-0.76,-0.54,-1.05,-1.33,22.9,49.7
105,0,198104,1.01,47.4,-4.86,-4.86,-4.63,-4.86,11,447,-1.35,-1.12,-1.39,-2.09,-0.57,-1.06,-1.57,33.7,61.2
105,0,198105,3.68,52.1,-3.85,-3.85,1.51,-3.23,19,362,1.12,0.3,0.32,-0.35,-0.4,-0.55,-1.05,40.6,63.6
105,0,198106,2.58,61.2,-3.88,-3.88,-1.26,-3.68,129,138,-0.37,0.53,-0.02,-0.51,-0.47,-0.48,-0.97,48.2,74.2
105,0,198107,2.77,68.9,-3.45,-3.45,0.1,-3.15,221,44,1.09,0.36,0.91,0.28,-0.26,0.24,-0.82,54.8,82.9
105,0,198108,1.84,67.6,-3.32,-3.32,-0.69,-3.22,154,48,0.26,0.95,0.39,0.43,0,-0.15,-0.81,53.1,82.2
105,0,198109,1.01,58.9,-3.63,-3.63,-1.96,-3.63,52,193,-0.8,-0.42,0.35,0.14,-0.21,-0.21,-0.75,43.4,74.3
105,0,198110,1.46,43.8,0.33,-2.93,0.98,-2.48,0,599,0.42,-0.33,-0.18,0.58,0.12,-0.34,-0.77,32.2,55.4
105,0,198111,1.01,36.2,0.05,-2.87,-0.72,-2.65,0,822,0.2,0.39,-0.26,0.08,0.22,-0.15,-0.66,24.7,47.7
105,0,198112,1.01,21.2,0.08,-2.54,0.1,-2.22,0,1340,0.53,0.4,0.53,0.46,0.25,-0.05,-0.46,12,30.3
105,0,198201,1.28,8.1,0.39,-1.96,0.95,-1.23,0,1727,1.35,1.22,0.95,0.33,0.8,0.38,-0.38,-3.2,19.4
105,0,198202,0.72,19,0.24,-1.87,-0.33,-1.23,0,1251,-0.27,0.87,0.97,0.21,0.37,0.42,-0.39,7.6,30.4
105,0,198203,1.65,29.6,0.63,-1.26,1.25,-0.13,0,1043,1.39,1.05,1.57,1.31,0.96,0.6,-0.29,19.4,39.8
105,0,198204,1.32,39,0.61,-1.09,0.12,0.06,0,706,-0.77,0.08,-0.05,0.64,0.28,0.77,-0.18,26.4,51.7
105,0,198205,4.15,51.4,1.98,1.98,4.32,1.98,32,350,1.54,0.96,1.3,1.59,1.03,1.05,0.28,40,62.8
105,0,198206,2.87,58.9,2.12,2.12,1.02,2.12,57,183,-0.03,1.09,0.68,1.14,1.22,1.14,0.39,46.5,71.3
105,0,198207,2.36,68,2.86,2.86,2.89,2.86,220,51,0.6,0.26,1.12,0.98,1.24,0.9,0.7,54.4,81.7
105,0,198208,1.76,67.8,3.06,3.06,1.48,3.06,167,49,0.12,0.44,0.24,0.96,1.18,0.83,0.4,53.6,81.9
105,0,198209,2.13,55.7,3.45,3.45,2.11,3.45,35,249,0.9,0.72,0.84,0.95,1.31,1.34,0.72,42.7,68.8
105,0,198210,2.56,44.1,4.53,4.53,4.31,4.53,2,571,1.93,1.81,1.58,1.72,1.62,1.88,1.09,32.7,55.5
105,0,198211,0.92,27.4,4.43,4.43,1.11,4.43,0,1060,-0.02,1.7,1.63,1.24,1.57,1.78,1.17,17.3,37.5
105,0,198212,1.21,22.8,4.75,4.75,2.32,4.75,0,1248,1.07,0.6,1.9,1.69,1.5,1.86,1.26,13.4,32.3
105,0,198301,0.59,25.3,4.52,4.52,0.77,4.52,0,1239,-0.96,0.26,0.15,1.42,1.59,1.51,1.27,15.9,34.6
105,0,198302,0.49,29.2,4.29,4.29,0.7,4.29,0,1003,-1.57,-1.63,-0.42,1.27,1.02,1.39,1.22,19.1,39.2
105,0,198303,1.93,32.7,5.28,5.28,4.31,5.28,0,966,2.06,1.16,0.43,1.82,1.64,1.5,1.39,23.8,41.5
105,0,198304,1.16,38.4,5.05,5.05,0.95,5.05,0,756,-1.07,0.27,-0.22,-0.11,1.22,1.53,1.48,26.9,50
105,0,198305,2.54,49.4,5.02,5.02,1.45,5.02,12,424,-0.04,-0.63,0.08,-0.15,0.99,0.91,1.16,36.6,62.2
105,0,198306,3.02,60.6,4.84,4.84,1.01,4.84,92,146,0.14,-0.01,-0.4,-0.32,0.6,0.93,1.33,47.9,73.4
105,0,198307,2.35,69.8,5.24,5.24,2.71,5.24,267,42,0.58,0.38,0.2,0.07,0.06,0.89,1.16,55.6,83.9
105,0,198308,1.55,72.6,4.73,4.73,0.1,4.72,320,19,-0.28,0.2,0.19,0.14,-0.01,0.77,1.04,58,87.3
105,0,198309,1.45,56.8,4.22,4.22,-0.09,4.1,61,218,-0.04,-0.24,0.12,-0.27,-0.2,0.51,1.26,42.7,70.8
105,0,198310,1.21,46.3,3.77,3.77,-0.03,3.59,2,527,-0.01,-0.12,-0.28,-0.02,-0.1,-0.12,1.29,33.9,58.6
105,0,198311,1.73,31.6,4.25,4.25,2.59,4.25,0,943,1.73,1.03,0.6,0.47,0.38,0.25,1.5,22.9,40.2
105,0,198312,0.98,4.2,4.08,4.08,0.81,4.08,0,1850,0.44,1.54,1.06,0.58,0.08,0.15,1.4,-5,13.5
105,0,198401,0.59,20,3.55,3.55,-0.32,3.37,0,1383,-0.96,-0.25,0.95,0.25,0.27,0.18,1.14,10.7,29.4
105,0,198402,0.65,28.9,3.19,3.19,0.02,2.96,0,980,-0.62,-1.11,-0.57,0.31,0.29,0.24,1.1,18.6,39.2
105,0,198403,1.28,29.8,3.2,3.2,1,3.2,0,1086,0.4,-0.02,-0.6,0.63,0.38,-0.03,0.98,20.5,39.1
105,0,198404,2.99,40.9,4.18,4.18,3.93,4.18,0,675,2.01,2.05,1.75,1.91,1.02,0.78,1.48,29.6,52.1
105,0,198405,1.78,51.9,3.44,3.44,-0.93,3.02,18,367,-1,0.37,0.44,0.14,0.53,0.46,0.8,38.6,65.2
105,0,198406,3.54,61.5,3.68,3.68,1.78,3.68,120,134,0.7,-0.2,0.66,0.39,0.79,0.65,1.01,48.6,74.3
105,0,198407,1.51,69.4,3.4,3.4,0.3,3.4,216,38,-0.73,0.1,-0.51,0.22,0.51,0.28,0.72,54.8,84
105,0,198408,1.38,70.1,2.69,2.69,-1.07,2.21,235,31,-0.62,-1,-0.19,0.1,-0.08,0.18,0.59,55.3,84.8
105,0,198409,1.29,52.6,2.4,2.4,-0.04,1.85,24,313,-0.3,-0.65,-1.03,-0.06,-0.24,0.15,0.36,39,66.2
105,0,198410,1.77,42.1,2.92,2.92,2.3,2.92,1,613,0.9,0.31,-0.06,-0.46,0.13,0.37,0.08,30.5,53.6
105,0,198411,0.85,31.4,2.67,2.67,0.13,2.66,0,938,-0.2,0.6,0.16,-0.12,0.13,-0.03,0.08,20.6,42.3
105,0,198412,0.96,15.4,2.59,2.59,0.58,2.59,0,1421,0.38,0.03,0.66,-0.46,0.12,-0.03,0.07,4.4,26.4
105,0,198501,0.44,14,-0.34,1.98,-1.03,1.48,0,1541,-1.76,-0.68,-0.62,-0.4,-0.62,-0.06,0.06,3.2,24.7
105,0,198502,0.46,17.3,-0.62,1.46,-0.93,0.53,0,1287,-1.78,-2.29,-1.4,-0.4,-0.46,-0.15,0.05,6.1,28.5
105,0,198503,1.21,32.7,-0.59,1.28,-0.1,0.28,2,911,0.2,-0.75,-1.61,-0.21,-0.9,-0.17,-0.16,20.6,44.7
105,0,198504,1.41,46.7,-1.19,-1.19,-1.99,-1.19,5,489,-0.6,-0.48,-0.99,-1.21,-0.88,-0.92,-0.09,32.8,60.5
105,0,198505,2.34,57,-1.69,-1.69,-1.87,-1.69,55,244,-0.28,-0.58,-0.52,-1.07,-0.69,-0.73,-0.18,42.6,71.3
105,0,198506,1.77,60.2,-2.38,-2.38,-2.59,-2.38,76,155,-1.44,-1.21,-1.31,-1.67,-1.18,-1.49,-0.56,46.1,74.3
105,0,198507,1.62,70.4,-2.98,-2.98,-2.53,-2.98,225,28,-0.52,-1.44,-1.28,-1.51,-1.6,-1.42,-0.75,55.2,85.7
105,0,198508,2.34,63.8,0.32,-2.36,0.95,-1.91,106,96,1.09,0.26,-0.76,-0.88,-1.21,-0.95,-0.53,50.1,77.5
105,0,198509,2.64,52.2,1.39,-1.01,3.31,0.82,24,319,1.49,1.68,1.1,-0.25,-0.64,-0.36,-0.23,41.3,63.1
105,0,198510,1.32,43.6,1.58,-0.57,1,1.55,1,592,0.19,1.18,1.47,-0.06,-0.38,-0.6,-0.25,31,56.2
105,0,198511,1.48,17,2.04,2.04,1.88,2.04,0,1338,1.24,0.84,1.49,0.38,0.02,-0.3,-0.3,8.1,25.9
105,0,198512,0.62,15.9,1.7,1.7,-0.4,1.45,0,1515,-0.72,0.54,0.46,1.08,-0.12,-0.44,-0.33,5.8,26.1
105,0,198601,0.65,25.8,1.38,1.38,-0.43,0.87,1,1177,-0.69,-1.03,0.19,1.34,-0.02,-0.32,-0.27,16,35.6
105,0,198602,1.45,20,2.01,2.01,2.31,2.01,0,1215,2.37,1.09,0.45,1.44,0.49,0.11,-0.04,10.5,29.5
105,0,198603,0.98,39.4,1.25,1.25,-1.66,0.41,4,770,-0.51,1.18,0.56,0.69,1.17,0.02,-0.12,27.8,51
105,0,198604,3,42.7,2.11,2.11,2.97,2.11,2,589,2.03,1.62,2.46,1.87,2.21,0.72,-0.13,30.9,54.4
105,0,198605,2.76,53,2.24,2.24,1.04,2.24,33,320,0.2,1.2,1,1.08,1.63,0.96,0.13,40.1,66
105,0,198606,2.78,65.8,1.83,1.83,-0.55,1.52,164,74,-0.13,-0.02,0.8,0.9,0.96,1.41,-0.12,52.1,79.5
105,0,198607,2.49,67.3,2.42,2.42,2.35,2.42,221,62,0.76,0.29,0.28,1.2,1.15,1.68,0.15,53.5,81
105,0,198608,1.59,66.1,2.4,2.4,0.68,2.4,121,66,-0.2,0.39,0.14,0.7,0.76,1.32,0.2,51.4,80.8
105,0,198609,3.51,53.2,4.1,4.1,5.85,4.1,45,282,2.36,1.77,1.76,1.61,1.75,1.71,0.91,43,63.4
105,0,198610,1.34,45.8,4.09,4.09,1.23,4.09,1,544,0.22,1.94,1.57,1.11,1.78,1.8,0.81,33.6,58
105,0,198611,1.27,27.8,4.34,4.34,2.02,4.34,0,1061,0.79,0.59,2.02,1.46,1.57,1.66,0.94,17.4,38.1
105,0,198612,0.26,24.9,3.65,3.65,-0.74,3.31,0,1210,-2.29,-0.5,-0.26,1.37,1.38,1.49,0.72,14.3,35.5
105,0,198701,0.44,23.6,3.16,3.16,-0.33,2.64,0,1244,-1.76,-3.09,-1.13,0.91,0.72,1.36,0.72,13,34.2
105,0,198702,0.98,29.9,3.34,3.34,1.5,3.33,0,930,0.84,-0.58,-1.87,1.2,0.9,1.15,0.85,19.7,40.2
105,0,198703,2.24,32,4.57,4.57,4.73,4.57,0,943,2.76,2.72,1.59,0.72,1.73,1.64,1.11,22.3,41.8
105,0,198704,0.57,48.9,-1.04,3.06,-3.13,1.81,6,449,-2.24,-0.17,0.1,-0.72,0.88,0.73,0.91,33.7,64
105,0,198705,3.28,57.5,-0.75,2.93,0.56,1.87,68,223,0.74,-0.48,0.47,-0.27,1.17,1.02,1.17,44.7,70.2
105,0,198706,1.8,65.1,-1.64,1.66,-2.9,-0.45,164,84,-1.39,-0.39,-1.2,-0.59,-0.66,0.5,1.21,50.6,79.6
105,0,198707,3.16,68.8,-0.83,2.13,1.93,0.75,242,46,1.52,0.03,0.41,0.38,-0.05,0.79,1.68,55.3,82.3
105,0,198708,2.15,63.6,-0.23,2.42,1.52,1.54,118,94,0.79,1.63,0.33,0.48,0.01,1,1.58,50.1,77.1
105,0,198709,1.02,57.9,-0.66,1.72,-1.35,0.41,45,204,-0.78,-0.04,0.9,-0.32,0.08,-0.04,1.15,42.6,73.3
105,0,198710,0.33,44.3,-1.28,0.85,-2.08,-1.02,0,617,-2.11,-1.78,-0.98,-0.21,-0.18,-0.54,0.86,29.3,59.2
105,0,198711,0.73,35.1,-1.58,-1.58,-1.29,-1.58,0,839,-0.52,-1.95,-1.79,-0.81,-0.37,-0.76,0.59,24.2,46.1
105,0,198712,0.83,24,-1.57,-1.57,-0.46,-1.57,0,1221,-0.01,-0.44,-1.74,-0.14,-0.86,-0.5,0.69,14.2,33.9
105,0,198801,0.82,15.1,-1.63,-1.63,-0.65,-1.63,0,1527,-0.03,-0.07,-0.39,-1.12,-0.33,-0.3,0.73,4,26.2
105,0,198802,0.59,21.7,-1.85,-1.85,-1.18,-1.85,0,1203,-0.95,-0.61,-0.52,-1.92,-0.91,-0.46,0.48,9.7,33.6
105,0,198803,0.97,32.9,-2.24,-2.24,-1.73,-2.24,0,931,-0.54,-1.09,-0.93,-2.24,-0.39,-1.03,0.46,21.1,44.8
105,0,198804,1.24,44.7,-2.92,-2.92,-2.72,-2.92,0,565,-0.92,-1.15,-1.44,-1.39,-1.85,-0.77,-0.03,29.6,59.9
105,0,198805,2.65,57,-3.15,-3.15,-1.61,-3.15,69,235,0.08,-0.44,-0.62,-0.83,-2.05,-1.17,-0.09,43.1,70.9
105,0,198806,1.7,70.9,-4.69,-4.69,-5.6,-4.69,254,41,-1.54,-1,-1.25,-1.45,-1.9,-1.14,-0.42,55.6,86.1
105,0,198807,1.28,70.9,-5.85,-5.85,-4.92,-5.85,245,28,-1.21,-1.87,-1.35,-1.74,-1.73,-1.97,-0.76,55.4,86.4
105,0,198808,1.18,68.4,-6.53,-6.53,-3.83,-6.53,216,41,-1.06,-1.57,-2.13,-1.83,-1.89,-2.31,-0.85,52.5,84.3
105,0,198809,1.8,56.5,-5.84,-5.84,0.04,-5.78,51,222,0.47,-0.26,-0.94,-1.53,-1.74,-2.15,-1.36,42.3,70.7
105,0,198810,0.43,46.6,-6.1,-6.1,-2.58,-6.1,0,556,-1.79,-0.62,-1.08,-1.7,-2.06,-2.02,-1.63,32.4,60.7
105,0,198811,1.07,31.4,-5.5,-5.5,-0.08,-5.48,0,936,0.34,-1.13,-0.44,-1.86,-1.74,-1.84,-1.68,21.5,41.4
105,0,198812,0.73,23,-5.3,-5.3,-1.1,-5.3,0,1236,-0.34,0.01,-1.19,-1.37,-1.69,-1.86,-1.6,12.3,33.8
105,0,198901,0.97,22,-4.96,-4.96,-0.61,-4.96,0,1240,0.47,0.04,0.22,-0.85,-1.49,-1.84,-1.43,10.7,33.3
105,0,198902,0.72,10.5,-4.83,-4.83,-1.15,-4.83,0,1478,-0.27,0.14,-0.14,-0.45,-1.87,-1.72,-1.46,0,21
105,0,198903,1.41,28.4,-4.56,-4.56,-0.68,-4.56,0,1068,0.76,0.49,0.6,-0.65,-1.11,-1.54,-1.68,17.7,39.2
105,0,198904,1.67,43.8,-4.55,-4.55,-1.38,-4.55,3,556,-0.13,0.25,0.12,0.19,-0.71,-1.4,-1.39,30.9,56.6
105,0,198905,2.07,53.4,-4.63,-4.63,-1.65,-4.63,31,321,-0.61,-0.59,-0.35,-0.44,-0.59,-1.82,-1.72,40,66.7
105,0,198906,2.09,61.1,-4.9,-4.9,-2.24,-4.9,86,139,-0.99,-1.17,-1.06,-0.84,-1.21,-1.47,-1.62,47.1,75.2
105,0,198907,1.77,71.6,-5.24,-5.24,-2.52,-5.24,267,23,-0.26,-0.98,-1.13,-0.96,-0.85,-1.23,-1.92,57,86.3
105,0,198908,2.09,66.9,-4.81,-4.81,-0.34,-4.81,170,61,0.69,0.15,-0.58,-0.65,-0.7,-0.79,-1.89,52.9,80.9
105,0,198909,1.72,56.8,-4.28,-4.28,0.1,-4.19,33,234,0.36,0.64,0.31,-0.62,-0.5,-0.86,-1.81,42.2,71.4
105,0,198910,1.01,45.6,-4.05,-4.05,-0.63,-4.05,2,535,-0.39,-0.04,0.28,-0.73,-0.66,-0.62,-1.68,32.2,59
105,0,198911,0.93,32.4,-3.74,-3.74,-0.32,-3.74,0,951,0,-0.4,-0.08,-0.56,-0.6,-0.66,-1.62,21.6,43.2
105,0,198912,0.88,16.8,-3.48,-3.48,-0.38,-3.48,0,1492,0.14,0.03,-0.32,-0.01,-0.7,-0.59,-1.66,6.4,27.2
105,0,199001,0.83,26.2,-3.35,-3.35,-0.68,-3.35,0,1140,0.01,0.07,0.02,0.21,-0.68,-0.62,-1.65,16.2,36.2
105,0,199002,0.49,23.9,-3.53,-3.53,-1.57,-3.53,0,1103,-1.57,-0.87,-0.61,-0.32,-0.69,-0.71,-1.63,12.3,35.5
105,0,199003,1.38,34.3,-3.56,-3.56,-1.17,-3.56,0,894,0.68,-0.18,-0.2,-0.41,-0.06,-0.72,-1.48,22.6,46
105,0,199004,1.58,43.5,-3.7,-3.7,-1.53,-3.7,0,593,-0.29,0.06,-0.42,-0.34,0,-0.8,-1.41,30.3,56.7
105,0,199005,2.7,51,-3.17,-3.17,0.44,-2.94,16,390,0.14,-0.07,0.1,-0.2,-0.15,-0.57,-1.39,38.5,63.5
105,0,199006,2.67,63.3,-3.24,-3.24,-1.18,-3.24,140,110,-0.26,-0.16,-0.24,-0.37,-0.5,-0.31,-1.12,49.7,76.8
105,0,199007,2.12,67.8,-3.04,-3.04,-0.4,-3.04,185,48,0.27,-0.12,-0.07,-0.25,-0.28,-0.1,-0.88,53.8,81.8
105,0,199008,1.78,68.2,-2.92,-2.92,-0.59,-2.92,188,43,0.15,0.2,-0.08,-0.04,-0.23,-0.24,-0.7,53.7,82.6
105,0,199009,0.76,62,-3.62,-3.62,-3.01,-3.62,92,127,-1.32,-0.83,-0.52,-0.52,-0.6,-0.67,-1.03,46.5,77.6
105,0,199010,1.09,44.7,-3.32,-3.32,-0.22,-3.32,2,562,-0.23,-1.09,-0.85,-0.53,-0.65,-0.67,-0.91,30.7,58.7
105,0,199011,0.97,34.3,-3.18,-3.18,-0.6,-3.18,0,854,0.1,-0.21,-0.94,-0.69,-0.47,-0.63,-0.92,22.5,46.1
105,0,199012,0.76,14.1,-3.12,-3.12,-0.8,-3.12,0,1509,-0.24,-0.12,-0.32,-0.66,-0.61,-0.67,-0.87,2.6,25.6
105,0,199101,0.58,15,-3.33,-3.33,-1.61,-3.33,0,1524,-1.01,-0.83,-0.51,-1.06,-0.66,-0.76,-0.95,4.6,25.5
105,0,199102,0.58,31.8,-3.51,-3.51,-1.57,-3.51,1,908,-1,-1.37,-1.26,-1.43,-0.98,-0.7,-0.96,20.3,43.4
105,0,199103,1.14,33.7,-3.83,-3.83,-2.03,-3.83,0,906,-0.01,-0.6,-1.12,-0.93,-0.97,-0.81,-1.02,21.6,45.8
105,0,199104,2.58,43.3,-3.26,-3.26,0.51,-3,3,564,1.38,1.23,0.86,0.23,-0.5,-0.38,-0.78,31.9,54.7
105,0,199105,3.9,53.7,-2.04,-2.04,2.66,-0.7,49,298,1.32,1.74,1.68,1.14,0.36,0.15,-0.28,42.5,64.9
105,0,199106,3.73,63.6,-1.34,-1.34,1.49,0.55,165,108,0.9,1.53,1.78,1.48,1.13,0.6,0.18,51.6,75.7
105,0,199107,1.38,68.9,-1.37,-1.37,-0.52,0.26,216,39,-0.99,0.16,0.89,1.11,0.82,0.27,0.05,54.5,83.2
105,0,199108,1.3,69.8,-1.71,-1.71,-1.45,-0.61,208,30,-0.79,-1.27,-0.21,0.92,0.57,0.05,-0.18,55,84.5
105,0,199109,1.69,57.7,-1.5,-1.5,0.12,-0.37,53,203,0.31,-0.25,-0.82,0.94,0.68,0.48,-0.2,43.7,71.8
105,0,199110,1.17,42.9,-1.19,-1.19,0.46,0.05,0,610,-0.08,0.1,-0.32,0.5,0.72,0.5,-0.21,28.9,56.9
105,0,199111,1.33,26.6,-0.65,-0.65,1.24,0.87,0,1132,0.92,0.43,0.42,0.04,0.93,0.65,-0.06,17.2,35.9
105,0,199112,0.52,25.9,-0.92,-0.92,-1.01,0.24,0,1171,-1.1,0.1,-0.05,-0.72,0.78,0.54,-0.1,15.3,36.4
105,0,199201,0.65,26.2,-1.11,-1.11,-0.85,-0.19,1,1155,-0.69,-1.32,-0.2,-0.43,0.38,0.59,-0.11,15.2,37.2
105,0,199202,0.57,31.3,-1.32,-1.32,-0.98,-0.55,0,908,-1.06,-1.17,-1.71,-0.26,-0.38,0.57,-0.09,20.1,42.4
105,0,199203,1.26,38,-1.87,-1.87,-2.05,-1.38,2,807,0.34,-0.29,-0.69,-0.44,-0.9,0.63,-0.12,25.6,50.3
105,0,199204,1.32,44.3,-2.46,-2.46,-2.33,-2.46,0,592,-0.77,-0.54,-0.88,-0.84,-0.85,0.11,-0.2,31.3,57.2
105,0,199205,1.66,55.8,-3.35,-3.35,-3.43,-3.35,35,273,-1.17,-1.41,-1.21,-1.82,-1.12,-1.02,-0.53,41,70.6
105,0,199206,3.39,61.6,0.02,-2.98,0.05,-2.9,79,135,0.55,-0.42,-0.66,-0.89,-0.83,-1.12,-0.35,48.8,74.5
105,0,199207,3.27,62.4,0.9,-1.79,2.65,-0.59,97,115,1.63,1.4,0.46,0.06,-0.07,-0.22,-0.03,50.3,74.5
105,0,199208,1.89,63.3,1.09,-1.33,0.84,0.2,86,101,0.35,1.49,1.37,0.27,-0.17,0.03,0,49.2,77.3
105,0,199209,1.2,56.4,0.74,-1.43,-0.71,-0.2,39,239,-0.45,-0.13,0.92,0.07,-0.14,-0.17,0.12,41.7,71.1
105,0,199210,1,46.2,0.46,-1.49,-0.62,-0.49,2,532,-0.41,-0.65,-0.39,0.13,-0.16,-0.28,0.06,32.6,59.8
105,0,199211,1.13,28.7,0.63,-1.11,0.67,0.1,0,1052,0.48,-0.11,-0.41,0.81,0.01,-0.36,0.13,21.1,36.3
105,0,199212,0.93,16.2,0.65,-0.91,0.25,0.33,0,1424,0.29,0.47,0,0.68,-0.01,-0.17,0.25,6.3,26
105,0,199301,0.83,13.2,0.56,-0.84,-0.07,0.33,0,1557,0.01,0.18,0.4,-0.16,0.22,-0.06,0.35,3.2,23.3
105,0,199302,0.82,14.9,0.56,-0.7,0.16,0.45,0,1358,0.19,0.04,0.18,-0.28,0.79,0.05,0.4,4.5,25.3
105,0,199303,1.04,32.9,0.38,-0.75,-0.37,0.24,0,992,-0.32,-0.2,-0.22,-0.14,0.58,-0.04,0.37,22.3,43.5
105,0,199304,2.06,41.8,0.65,0.65,0.92,0.65,0,655,0.54,0.28,0.3,0.45,-0.01,0.29,0.23,30.3,53.3
105,0,199305,2.6,54.3,0.58,0.58,0.01,0.58,24,309,0.03,0.28,0.14,0.15,-0.09,0.74,-0.18,41.2,67.3
105,0,199306,4.45,58.4,1.89,1.89,4.11,1.89,71,182,1.59,1.11,1.15,1.02,0.86,1.2,0.01,46.7,70.2
105,0,199307,5.58,62.1,5.31,5.31,10.82,5.31,136,121,3.09,3.09,2.96,2.93,2.97,2.11,1.26,50.9,73.4
105,0,199308,2.29,63.7,6.59,6.59,5.49,6.59,142,91,1.01,3.09,3.09,2.93,2.98,2.24,1.55,51,76.5
105,0,199309,1.27,53.2,6.43,6.43,1.57,6.43,15,316,-0.33,0.39,2.68,2.46,2.49,2.25,1.52,39.5,67
105,0,199310,1.15,43.9,6.11,6.11,1.02,6.11,0,594,-0.12,-0.39,0.18,2.37,2.35,2.48,1.7,30.7,57.2
105,0,199311,1.01,26.4,6.13,6.13,1.95,6.13,0,1094,0.2,-0.06,-0.31,3.09,2.29,2.35,1.47,16,36.8
105,0,199312,0.66,24.3,5.92,5.92,1.27,5.92,0,1228,-0.58,-0.23,-0.32,2.35,2.25,2.22,1.43,15.1,33.4
105,0,199401,0.87,16.4,6.05,6.05,2.21,6.05,0,1496,0.15,-0.35,-0.13,0.05,2.1,2.11,1.42,6.9,25.8
105,0,199402,0.87,14.8,6.32,6.32,2.68,6.32,0,1360,0.4,0.26,-0.19,-0.35,2.64,2.09,1.48,3.9,25.7
105,0,199403,0.52,35.7,5.72,5.72,0.15,5.72,0,866,-2.18,-1.66,-1.22,-0.99,1.79,1.89,1.26,23.4,47.9
105,0,199404,1.75,43.5,5.49,5.49,1.08,5.49,0,591,0.01,-1.05,-0.9,-0.81,-0.39,1.88,1.42,30.1,56.8
105,0,199405,1.54,56.7,4.02,4.02,-2.72,2.96,50,246,-1.35,-1.06,-1.64,-1.61,-1.59,1.59,1.39,42.9,70.6
105,0,199406,2.64,63.7,3.3,3.3,-0.92,1.88,143,102,-0.3,-1.15,-0.99,-1.31,-1.29,0.68,1.2,50.2,77.1
105,0,199407,2.44,67,3.35,3.35,1.15,2.32,152,56,0.7,0.13,-0.65,-0.95,-0.96,-0.73,0.91,52.5,81.5
105,0,199408,1.18,67.6,2.54,2.54,-1.39,1.01,155,49,-1.06,-0.12,-0.33,-1.23,-1.25,-1.19,0.67,52.8,82.5
105,0,199409,1.17,60.1,1.77,1.77,-1.53,-0.24,65,163,-0.5,-1.1,-0.39,-1.01,-1.32,-1.31,0.7,45,75.1
105,0,199410,2.86,45.6,3.09,3.09,4.53,2.51,3,518,2.27,1.24,0.61,-0.16,-0.45,-0.53,1.46,34.6,56.7
105,0,199411,1.13,30.3,3.18,3.18,1.2,2.91,0,948,0.48,2.29,1.26,0.53,-0.39,-0.46,1.39,20.2,40.3
105,0,199412,0.72,24,2.92,2.92,0.21,2.67,0,1246,-0.37,0.1,1.92,0.74,-0.17,-0.43,1.25,14.4,33.5
105,0,199501,0.72,20.4,2.69,2.69,0.22,2.46,0,1369,-0.4,-0.57,-0.08,0.45,-0.2,-0.46,1.17,10.7,30.1
105,0,199502,0.63,26.8,2.47,2.47,0.17,2.25,0,1037,-0.72,-0.78,-0.9,0.79,0.27,-0.56,1.1,15.7,37.9
105,0,199503,1.65,30.8,3.01,3.01,2.37,3.01,0,994,1.39,0.85,0.41,1.83,0.82,-0.06,1.24,20,41.7
105,0,199504,2.25,38.7,3.77,3.77,3.22,3.77,0,726,0.85,1.5,1.19,0.76,0.95,0.16,1.34,27.7,49.6
105,0,199505,4.28,49.4,5.2,5.2,5.46,5.2,10,435,1.65,1.78,2.1,1.68,1.85,1.45,1.84,38.4,60.4
105,0,199506,3.12,61.3,5.02,5.02,1.08,5.02,106,139,0.25,1.36,1.46,1.57,2.37,1.67,1.5,49,73.6
105,0,199507,2.57,67.4,5.64,5.64,3.42,5.64,208,53,0.86,0.64,1.47,1.79,1.63,1.58,0.53,53.6,81.1
105,0,199508,1.56,69,5.4,5.4,1.01,5.4,238,43,-0.26,0.45,0.43,1.64,1.38,1.7,0.3,54.1,83.8
105,0,199509,1.66,56.6,5.09,5.09,0.73,5.09,33,236,0.27,0.02,0.48,1.32,1.4,1.92,0.44,42.6,70.5
105,0,199510,2,43.5,5.5,5.5,2.82,5.5,2,591,1.22,0.9,0.62,1.44,1.71,1.64,0.73,31.8,55.2
105,0,199511,1.23,30.9,5.51,5.51,1.71,5.51,0,999,0.7,1.4,1.03,0.96,1.82,1.64,0.8,20.3,41.4
105,0,199512,0.73,21.6,5.11,5.11,0.52,5.11,0,1293,-0.34,0.3,1.1,0.9,1.55,1.63,0.83,11.6,31.6
105,0,199601,1.32,12.1,5.43,5.43,2.52,5.43,0,1580,1.45,0.77,0.93,0.97,1.56,1.8,0.95,1.4,22.7
105,0,199602,0.72,23.2,5.29,5.29,1.26,5.29,0,1132,-0.27,0.96,0.54,1.1,1.03,1.81,0.89,11.7,34.6
105,0,199603,1.12,25.1,5.46,5.46,2.16,5.46,0,1176,-0.07,-0.26,0.71,1.3,1.06,1.6,1.04,13.9,36.3
105,0,199604,1.33,41.6,5.09,5.09,0.56,5.09,0,650,-0.75,-0.76,-0.85,0.05,0.53,1.32,0.95,29.1,54
105,0,199605,4.03,49.6,6.17,6.17,4.83,6.17,15,414,1.44,0.87,0.79,0.92,1.29,1.32,1.67,39.1,60
105,0,199606,1.98,63.8,4.93,4.93,-1.83,4.2,132,100,-1.14,0.34,0.03,0.18,0.63,0.73,1.53,50.2,77.4
105,0,199607,1.69,67.7,4.45,4.45,0.09,3.71,166,49,-0.4,-1.16,0.07,-0.29,0.03,0.32,1.26,53.3,82
105,0,199608,1.41,68,3.71,3.71,-0.85,2.63,160,48,-0.56,-0.74,-1.3,-0.4,-0.28,0.24,1.3,52.7,83.3
105,0,199609,2.52,55.4,4.22,4.22,2.69,4.04,29,260,1.36,0.76,0.35,0.18,0.31,0.65,1.88,42.8,68
105,0,199610,1.35,44.3,4.04,4.04,0.76,4.04,2,561,0.24,1.09,0.67,0.41,0.12,0.34,1.49,31.1,57.4
105,0,199611,1.61,23.9,4.39,4.39,2.3,4.39,0,1168,1.5,1.05,1.52,0.02,0.42,0.5,1.59,15,32.8
105,0,199612,1.71,15.5,5,5,3.19,5,0,1483,2.24,2.44,1.88,1.26,0.8,0.93,1.79,6.4,24.6
105,0,199701,1.2,13.9,5.21,5.21,2.17,5.21,0,1536,1.14,2.23,2.35,1.82,1.16,0.88,1.81,3.8,24
105,0,199702,0.74,23.9,5.1,5.1,1.28,5.1,0,1126,-0.17,0.73,2.03,2.07,0.66,0.87,1.81,14.2,33.5
105,0,199703,0.9,32,5.07,5.07,1.48,5.07,0,955,-0.77,-0.84,0.09,1.65,1.18,0.79,1.58,19.9,44.2
105,0,199704,2.1,37.3,5.7,5.7,3.46,5.7,0,769,0.6,0.13,0.03,1.95,1.69,1.16,1.6,25.7,48.9
105,0,199705,2.25,51.8,5.17,5.17,0.17,5.17,12,382,-0.39,0,-0.26,0.64,1.4,0.4,1.02,38.4,65.2
105,0,199706,2.82,64.1,4.58,4.58,-0.18,4.45,137,101,-0.08,-0.4,-0.09,-0.14,0.75,0.75,0.94,51.2,77
105,0,199707,3.14,67.8,5.37,5.37,3.8,5.37,206,52,1.5,0.86,0.39,0.34,1.29,1.35,1.09,54.7,80.8
105,0,199708,1.88,66.7,5.41,5.41,1.77,5.41,150,57,0.33,1.36,0.87,0.43,0.98,1.52,1.16,53.2,80.3
105,0,199709,1.52,60,4.85,4.85,-0.01,4.79,68,166,0.07,0.22,1.05,0.54,0.52,1.13,1.2,46,74.1
105,0,199710,1.83,46,4.96,4.96,1.85,4.96,2,523,0.98,0.6,0.63,0.63,0.59,1.37,1.24,33.3,58.6
105,0,199711,0.54,30,4.25,4.25,-0.62,3.96,0,1012,-1.06,0.25,0.14,0.72,0.39,0.87,0.94,19.5,40.5
105,0,199712,0.49,25.6,3.52,3.52,-0.85,2.86,0,1187,-1.23,-1.55,-0.27,0.67,0.34,0.33,0.87,16.3,34.9
105,0,199801,0.92,19.8,3.27,3.27,0.32,2.68,0,1348,0.31,-0.65,-1.17,0,0.26,0.23,0.74,9.9,29.8
105,0,199802,0.84,30.3,3.06,3.06,0.39,2.57,1,930,0.28,0.31,-0.5,-0.08,0.54,0.27,0.76,21.3,39.3
105,0,199803,1.51,27.8,3.25,3.25,1.5,3.24,0,1111,1.03,1,0.92,0.29,0.92,0.53,0.85,17.9,37.8
105,0,199804,1.45,44.4,2.72,2.72,-0.59,2.41,1,572,-0.53,0.06,0.12,-0.73,0.05,0.28,0.91,31.7,57.2
105,0,199805,2.18,55.5,2,2,-1.32,1.11,58,258,-0.47,-0.71,-0.36,-0.59,-0.3,0.24,0.35,41.7,69.2
105,0,199806,4.12,57.7,2.92,2.92,3.37,2.92,74,193,1.28,0.56,0.3,0.51,0.29,0.81,1,46.3,69.2
105,0,199807,2.42,70.8,3.29,3.29,2.01,3.29,245,25,0.67,1.31,0.71,0.66,0.2,0.47,1.2,57.3,84.2
105,0,199808,2.05,69.4,3.45,3.45,1.5,3.45,209,33,0.62,0.81,1.39,0.76,0.58,0.52,1.37,55.3,83.5
105,0,199809,1.03,63.4,2.44,2.44,-1.96,1.6,118,107,-0.76,-0.14,0.25,0.32,0.51,0.34,0.97,48.7,78.1
105,0,199810,3.04,46.1,3.86,3.86,5.01,3.86,4,510,2.47,1.27,1.33,1.28,1.24,0.86,1.74,34.6,57.6
105,0,199811,1.58,34.2,4.25,4.25,2.37,4.25,0,857,1.44,2.97,1.66,2.21,1.43,1.3,1.62,25.8,42.5
105,0,199812,0.8,22.7,4.11,4.11,0.89,4.11,0,1239,-0.11,1.01,2.63,1.68,1.24,1.43,1.22,12.1,33.4
105,0,199901,0.99,20.4,4.24,4.24,1.67,4.24,0,1366,0.53,0.24,1.04,1.63,1.45,1.42,1.12,10.4,30.4
105,0,199902,0.87,30.2,4.39,4.39,1.75,4.39,0,937,0.4,0.55,0.33,1.54,2.04,1.4,1.13,19.9,40.5
105,0,199903,0.73,35.4,4.01,4.01,0.23,4.01,0,897,-1.36,-0.96,-0.44,2.09,1.4,1.1,1.06,23.1,47.7
105,0,199904,2.61,41.6,4.75,4.75,3.47,4.75,0,624,1.43,0.66,0.73,1.26,1.78,1.64,1.24,30.3,52.9
105,0,199905,3.17,51.9,5.02,5.02,2.27,5.02,28,348,0.63,1.21,0.82,0.86,1.6,2.26,1.51,39.9,63.9
105,0,199906,3.35,60.7,5.06,5.06,1.69,5.06,91,148,0.5,0.73,1.16,0.97,2.23,1.92,1.75,48.6,72.9
105,0,199907,1.74,68.7,5.01,5.01,1.41,5.01,247,45,-0.31,0.14,0.43,0.63,0.94,1.44,1.26,54.4,83
105,0,199908,2.24,67.9,5.27,5.27,2.32,5.27,166,46,0.93,0.29,0.49,0.82,0.85,1.49,1.34,53.8,82
105,0,199909,1.72,54.1,5.15,5.15,1.27,5.15,29,277,0.36,0.79,0.41,1.05,0.93,1.79,1.52,40.2,68
105,0,199910,0.53,46.2,-0.57,4.05,-1.7,3.36,2,528,-1.5,-0.59,-0.02,0.3,0.49,0.75,1.16,31.7,60.6
105,0,199911,0.6,40.3,-1.36,2.78,-2.55,1.11,0,690,-0.88,-1.81,-0.91,-0.21,0.27,0.3,1.14,26.8,53.7
105,0,199912,0.6,28.3,-1.57,2.15,-1.04,0.12,0,1117,-0.8,-1.18,-2.02,-0.69,0.33,0.21,1.14,17.6,39
105,0,200001,0.77,22,-1.66,1.68,-0.76,-0.54,0,1289,-0.21,-0.75,-1.13,-0.6,-0.05,0.15,1.06,11.3,32.6
105,0,200002,1.08,28.6,-1.35,1.64,0.42,-0.34,0,958,1.2,0.53,-0.08,-0.85,-0.21,0.23,1.1,17.3,39.9
105,0,200003,1.11,36.7,-1.85,0.83,-1.91,-1.6,3,818,-0.1,0.64,0.33,-1.55,-0.54,0.4,0.98,24.5,48.9
105,0,200004,1.69,44,-2.08,-2.08,-1.25,-2.08,0,575,-0.1,-0.19,0.24,-0.61,-0.42,0.01,1.08,30.3,57.7
105,0,200005,2.49,54.8,-2.2,-2.2,-1,-2.2,50,278,-0.1,-0.16,-0.22,-0.29,-0.79,-0.35,1.16,41.7,67.9
105,0,200006,2.4,61,-2.44,-2.44,-1.42,-2.44,98,137,-0.59,-0.55,-0.5,-0.44,-1.15,-0.79,0.65,47.3,74.8
105,0,200007,2.1,70.4,-2.55,-2.55,-1.08,-2.55,231,31,0.24,-0.38,-0.4,-0.29,-0.67,-0.58,0.53,56,84.9
105,0,200008,1.07,69.8,-3.32,-3.32,-3.08,-3.32,237,33,-1.31,-0.65,-0.89,-0.79,-0.81,-1.08,0.23,54.7,84.9
105,0,200009,1.34,57.7,-3.33,-3.33,-1.06,-3.33,60,206,-0.22,-1.02,-0.67,-0.8,-0.74,-1.32,0.33,43,72.3
105,0,200010,1.47,46.4,-2.84,-2.84,0.43,-2.61,5,494,0.44,0.04,-0.6,-0.67,-0.56,-0.89,-0.19,33.9,59
105,0,200011,1.4,23,-2.16,-2.16,1.18,-1.4,0,1182,1.07,0.94,0.44,-0.45,-0.46,-0.51,-0.22,13.4,32.5
105,0,200012,0.65,14.1,-2.23,-2.23,-0.89,-1.78,0,1571,-0.62,0.46,0.58,-0.27,-0.53,-0.48,-0.19,4.1,24.2
105,0,200101,0.56,22.9,-2.47,-2.47,-1.42,-2.47,0,1291,-1.1,-1.2,-0.02,-0.57,-0.64,-0.54,-0.28,12.7,33.1
105,0,200102,0.81,15.8,-2.41,-2.41,-0.57,-2.41,0,1339,0.15,-0.72,-1.02,0,-0.69,-0.65,-0.29,5.5,26.1
105,0,200103,0.62,32.2,-2.98,-2.98,-2.46,-2.98,0,1012,-1.78,-1.52,-1.95,-0.43,-0.8,-0.87,-0.32,21.6,42.8
105,0,200104,2.42,43.7,-2.6,-2.6,0.21,-2.46,3,561,1.13,0.19,0.19,0.07,-0.42,-0.57,-0.38,31.7,55.7
105,0,200105,1.9,55.1,-3.11,-3.11,-2.32,-3.11,40,279,-0.84,-0.03,-0.54,-0.95,-0.38,-0.94,-0.78,41.5,68.7
105,0,200106,2.95,62.3,-3,-3,-0.62,-3,111,123,0.06,-0.58,-0.02,-0.62,-0.33,-0.65,-0.9,49.3,75.2
105,0,200107,3.04,70.8,-2.29,-2.29,1.18,-1.75,267,29,1.39,0.88,0.19,0.21,0.13,-0.18,-0.54,57.2,84.3
105,0,200108,0.81,70.4,-3.17,-3.17,-3.35,-3.17,226,26,-1.97,0.14,0.09,-0.3,-0.58,-0.3,-0.91,54.9,85.9
105,0,200109,1.39,59.9,-3.26,-3.26,-1.23,-3.26,54,174,-0.14,-1.34,0.02,-0.05,-0.5,-0.26,-1.05,45.5,74.3
105,0,200110,1.11,44.9,-3,-3,-0.22,-3,2,556,-0.19,-0.3,-1.19,-0.49,-0.41,-0.46,-0.95,31.9,57.8
105,0,200111,0.91,38,-3.25,-3.25,-1.69,-3.25,0,714,-0.05,-0.27,-0.33,-0.19,-0.42,-0.67,-0.84,25.7,50.3
105,0,200112,0.48,23.2,-3.56,-3.56,-1.93,-3.56,0,1217,-1.27,-0.78,-0.78,-0.47,-0.35,-0.73,-0.83,13.1,33.3
105,0,200201,0.67,22.7,-3.79,-3.79,-1.78,-3.79,0,1245,-0.61,-1.38,-0.96,-1.62,-0.75,-0.66,-0.82,12.3,33
105,0,200202,0.51,26.7,-4.14,-4.14,-2.24,-4.14,0,1037,-1.44,-1.3,-1.92,-1.08,-0.65,-0.77,-0.97,14.4,39.1
105,0,200203,1.13,22.4,-4.49,-4.49,-2.33,-4.49,0,1222,-0.04,-0.84,-1.1,-1.37,-0.77,-0.55,-0.95,11.3,33.5
105,0,200204,1.32,41.4,-4.83,-4.83,-2.4,-4.83,2,617,-0.77,-0.76,-1.18,-1.58,-2.2,-1.1,-1.09,28.3,54.4
105,0,200205,1.76,49.9,-4.93,-4.93,-1.8,-4.93,15,410,-1.03,-1.3,-1.24,-1.92,-1.94,-1.28,-1.3,36.2,63.6
105,0,200206,2.2,64.9,-5.53,-5.53,-3.32,-5.53,187,90,-0.85,-1.34,-1.5,-1.7,-1.78,-1.51,-1.35,50.9,78.9
105,0,200207,1.6,72.7,-6.36,-6.36,-4.19,-6.36,311,18,-0.56,-1.04,-1.4,-1.69,-1.85,-2.17,-1.45,57.8,87.6
105,0,200208,2.4,65.7,-5.66,-5.66,0.13,-5.56,168,71,1.18,0.31,-0.37,-1.04,-1.46,-1.38,-1.08,51.6,79.8
105,0,200209,1.37,58.7,-5.51,-5.51,-1.3,-5.51,63,184,-0.17,0.6,0.13,-1.05,-1.33,-1.48,-1.14,45,72.4
105,0,200210,1.27,38.3,-4.43,-4.43,1.54,-3.8,0,751,0.1,-0.14,0.47,-0.81,-1.15,-1.39,-1.24,27.1,49.4
105,0,200211,0.43,32.9,-4.57,-4.57,-1.8,-4.56,0,932,-1.4,-0.79,-0.67,-0.76,-1.19,-1.58,-1.48,22.1,43.8
105,0,200212,0.51,26.4,-4.66,-4.66,-1.68,-4.66,0,1148,-1.14,-1.75,-1.22,-0.59,-1.33,-1.54,-1.55,16,36.8
105,0,200301,0.78,22.9,-4.58,-4.58,-1.21,-4.58,0,1302,-0.17,-0.97,-1.66,-0.35,-1.22,-1.51,-1.47,12.2,33.6
105,0,200302,0.86,19.4,-4.38,-4.38,-0.81,-4.38,0,1238,0.36,0.01,-0.72,-0.93,-0.92,-1.3,-1.41,8.7,30.2
105,0,200303,1.57,31.1,-4.01,-4.01,-0.24,-4.01,0,976,1.18,1.18,0.81,-0.54,-0.26,-1.12,-1.1,19.5,42.7
105,0,200304,2.02,45.6,-3.9,-3.9,-0.92,-3.9,2,533,0.47,1.04,1.08,-0.25,0.21,-0.84,-1.25,33.1,58.1
105,0,200305,2.67,52.5,-3.47,-3.47,0.09,-3.38,19,353,0.1,0.3,0.61,0.25,-0.17,-0.47,-1.03,40.2,64.8
105,0,200306,2.91,60.6,-3.12,-3.12,-0.03,-2.98,84,145,0.02,0.01,0.2,0.38,-0.19,-0.15,-1.05,48.1,73.1
105,0,200307,1.01,71.9,-3.85,-3.85,-3.13,-3.85,268,19,-1.92,-0.92,-0.67,-0.19,-0.71,-0.37,-1.56,56.4,87.4
105,0,200308,1.02,71.7,-4.75,-4.75,-3.9,-4.75,259,20,-1.43,-2.18,-1.42,-0.6,-0.79,-0.97,-1.47,56.6,86.7
105,0,200309,1.54,56.6,-4.42,-4.42,-0.48,-4.42,32,238,0.1,-0.8,-1.78,-0.76,-0.56,-0.93,-1.51,42.1,71
105,0,200310,0.92,49.3,-4.54,-4.54,-1.75,-4.54,5,442,-0.57,-0.35,-1,-1.1,-0.67,-1.11,-1.6,34.9,63.8
105,0,200311,0.94,25.8,-4.2,-4.2,-0.36,-4.2,0,1070,0.03,-0.53,-0.34,-1.33,-0.68,-0.86,-1.59,15.7,36
105,0,200312,0.89,25.5,-3.93,-3.93,-0.51,-3.93,0,1179,0.17,0.06,-0.42,-1.49,-0.84,-0.67,-1.51,16.1,34.8
105,0,200401,0.78,16.9,-3.87,-3.87,-1.03,-3.87,0,1449,-0.17,-0.02,-0.02,-0.93,-1.04,-0.65,-1.46,6.9,26.9
105,0,200402,0.7,22.9,-3.85,-3.85,-1.13,-3.85,0,1167,-0.36,-0.41,-0.25,-0.4,-1.35,-0.7,-1.36,12.5,33.2
105,0,200403,1.1,37.3,-4.46,-4.46,-3.01,-4.46,3,808,-0.13,-0.37,-0.46,-0.65,-1.64,-0.92,-1.34,25.4,49.2
105,0,200404,1.22,45.3,-5.14,-5.14,-3.44,-5.14,3,531,-0.95,-0.97,-1.09,-0.86,-1.45,-1.36,-1.41,31.4,59.3
105,0,200405,2.97,51.9,-4.53,-4.53,0.26,-4.38,34,345,0.43,-0.15,-0.22,-0.36,-0.45,-1.32,-1.05,39.2,64.6
105,0,200406,2.22,59.1,-4.58,-4.58,-1.55,-4.58,70,170,-0.82,-0.3,-0.63,-0.8,-0.9,-1.52,-1.06,46.3,72
105,0,200407,2.34,67.6,-4.35,-4.35,-0.73,-4.35,169,51,0.57,-0.33,-0.04,-0.48,-0.5,-0.9,-0.84,53.8,81.4
105,0,200408,1.68,63.5,-4.09,-4.09,-0.56,-4.09,101,95,-0.03,0.33,-0.34,-0.42,-0.5,-0.59,-1.01,49.6,77.5
105,0,200409,2.46,58.3,-3.05,-3.05,1.85,-2.28,81,185,1.29,0.96,1.01,0.14,-0.01,-0.17,-0.78,45,71.7
105,0,200410,1.65,45.8,-2.35,-2.35,1.15,-1.1,3,519,0.72,1.31,1.08,0.57,0.2,0.12,-0.73,34,57.7
105,0,200411,0.66,34.3,-2.53,-2.53,-1.25,-1.73,0,859,-0.71,0.16,0.93,0.29,0.09,0,-0.64,23,45.6
105,0,200412,0.54,26.4,-2.72,-2.72,-1.36,-2.36,0,1169,-1.03,-1.18,-0.28,0.62,-0.03,-0.15,-0.57,16.1,36.8
105,0,200501,0.69,18.3,-2.84,-2.84,-1.21,-2.84,0,1426,-0.52,-1.14,-1.29,0.38,0.18,-0.16,-0.55,8.1,28.5
105,0,200502,0.41,28.1,-3.21,-3.21,-2,-3.21,0,992,-2.16,-1.56,-1.98,0.15,-0.2,-0.28,-0.67,15.8,40.4
105,0,200503,1.11,34.2,-3.64,-3.64,-2.26,-3.64,0,910,-0.1,-1.22,-1.35,-1.01,0.23,-0.27,-0.79,22.2,46.1
105,0,200504,1.94,44.9,-3.76,-3.76,-1.51,-3.76,4,531,0.33,0.2,-0.4,-1.19,0.16,0.04,-0.84,31.9,57.8
105,0,200505,3.2,51.4,-2.93,-2.93,1.33,-2.35,26,358,0.66,0.69,0.6,-0.17,0.53,0.13,-0.71,38.9,63.8
105,0,200506,4.66,62.4,-1.54,-1.54,3.25,0.33,143,122,1.78,1.68,1.55,1.15,0.86,1.26,-0.23,50.5,74.2
105,0,200507,1.3,70.5,-1.83,-1.83,-1.34,-0.5,255,29,-1.16,0.86,0.98,0.72,0.22,0.73,-0.15,55.5,85.5
105,0,200508,1.81,66.6,-1.61,-1.61,0.11,-0.25,171,58,0.21,-0.72,0.81,0.92,0.42,0.76,0.06,51.9,81.3
105,0,200509,1.23,59.7,-1.86,-1.86,-1.26,-0.94,93,162,-0.4,-0.19,-0.85,0.74,0.43,0.27,-0.03,45,74.5
105,0,200510,1.55,46.9,-1.44,-1.44,0.68,-0.31,3,494,0.56,0.01,0.07,0.78,0.61,0.19,0.13,34.2,59.7
105,0,200511,1.27,34.8,-1.14,-1.14,0.45,0.1,0,848,0.79,0.87,0.29,0.77,0.87,0.46,0.25,24,45.5
105,0,200512,0.9,20.8,-1.01,-1.01,0.05,0.2,0,1337,0.2,0.66,0.82,-0.25,0.9,0.62,0.32,11.8,29.8
105,0,200601,0.79,30.7,-1.02,-1.02,-0.34,0.05,4,1016,-0.14,0.02,0.49,0.28,0.83,0.67,0.34,21.2,40.2
105,0,200602,0.59,22.5,-1.17,-1.17,-0.76,-0.32,0,1145,-0.95,-0.69,-0.44,0.08,0.6,0.73,0.3,11.2,33.8
105,0,200603,1.32,31.4,-1,-1,0.15,-0.14,0,977,0.51,-0.07,-0.2,0.6,-0.28,0.82,0.35,20.7,42.1
105,0,200604,2.08,47.4,-1.1,-1.1,-0.62,-0.35,7,465,0.57,0.75,0.4,0.6,0.44,0.93,0.61,33.9,60.9
105,0,200605,1.48,55.2,-2.03,-2.03,-3.13,-1.82,44,276,-1.44,-0.78,-0.6,-0.78,-0.35,0.17,0.15,41.1,69.2
105,0,200606,1.92,65.3,-2.96,-2.96,-3.41,-2.96,156,82,-1.22,-1.85,-1.34,-1.32,-0.81,-1.12,0.04,51,79.5
105,0,200607,0.96,73.5,-4.33,-4.33,-5.03,-4.33,310,13,-2.07,-1.98,-2.3,-1.79,-1.47,-1.23,-0.36,57.9,89.2
105,0,200608,1.99,68.1,-4.35,-4.35,-1.38,-4.35,188,46,0.52,-0.92,-1.49,-1.41,-1.48,-1.11,-0.27,53.4,82.9
105,0,200609,2.38,55.3,-3.28,-3.28,1.85,-2.52,24,264,1.2,1.16,0.1,-0.96,-1.03,-0.63,-0.32,42.1,68.5
105,0,200610,1.28,42.3,-2.7,-2.7,0.74,-1.61,0,631,0.12,0.9,0.97,-1.14,-0.93,-0.78,-0.48,30.3,54.3
105,0,200611,0.84,32.1,-2.59,-2.59,-0.52,-1.68,0,924,-0.23,-0.12,0.7,-0.7,-0.84,-0.95,-0.4,20.5,43.6
105,0,200612,1.01,25.5,-2.32,-2.32,0.01,-1.38,0,1160,0.53,0.1,0.09,0.03,-0.83,-0.89,-0.19,14.6,36.5
105,0,200701,0.52,19.2,-2.63,-2.63,-1.63,-2.21,0,1399,-1.31,-0.35,-0.41,0.63,-1.19,-0.99,-0.2,8.4,29.9
105,0,200702,1.03,19.5,-2.35,-2.35,0.01,-1.88,0,1261,1.02,-0.22,0.14,0.66,-0.62,-0.77,-0.02,10,29.1
105,0,200703,1.61,39,-2.65,-2.65,-1.61,-2.65,5,760,1.29,1.63,0.71,0.47,0.28,-0.64,0.12,26.8,51.2
105,0,200704,1.95,42,-2.44,-2.44,-0.21,-2.44,0,631,0.35,0.99,1.28,0.61,1.13,-0.74,0.12,30,54.1
105,0,200705,4.11,55.4,-1.29,-1.29,2.71,-0.05,56,262,1.51,1.43,1.72,1.67,1.56,0.47,0.35,42.3,68.4
105,0,200706,2.42,64.1,-1.61,-1.61,-1.37,-0.95,130,96,-0.57,0.73,0.76,0.91,0.81,0.65,-0.32,50.6,77.5
105,0,200707,1.38,73.7,-2.11,-2.11,-2,-2.11,297,11,-0.99,-1.04,0.2,0.65,0.42,0.83,-0.3,59,88.4
105,0,200708,2.17,68.5,-1.9,-1.9,0,-1.83,217,43,0.82,-0.2,-0.56,0.72,0.7,0.87,-0.2,54.5,82.5
105,0,200709,1.44,58.5,-1.96,-1.96,-0.79,-1.96,59,192,-0.06,0.44,-0.21,0.43,0.56,0.51,-0.16,44.1,72.8
105,0,200710,1.99,47.2,-1.18,-1.18,1.75,-0.29,5,476,1.21,0.68,0.93,0.67,1.01,0.81,-0.07,34.8,59.6
105,0,200711,0.44,33.4,-1.64,-1.64,-1.74,-1.49,0,896,-1.37,0.33,0.12,-0.42,0.63,0.62,-0.3,21.4,45.4
105,0,200712,1.03,19.3,-1.42,-1.42,0.14,-1.15,0,1400,0.58,-0.62,0.51,0.02,0.49,0.63,-0.19,9.3,29.2
105,0,200801,0.7,16.7,-1.59,-1.59,-0.96,-1.59,0,1471,-0.48,0.11,-0.76,0.45,0.39,0.71,-0.17,5.4,28
105,0,200802,0.73,21.5,-1.67,-1.67,-0.73,-1.67,0,1208,-0.22,-0.55,-0.06,0.08,-0.4,0.57,-0.13,10.2,32.8
105,0,200803,0.9,31.1,-2.01,-2.01,-1.53,-2.01,0,1006,-0.77,-0.87,-1.05,-0.09,-0.27,0.29,-0.25,19.3,43
105,0,200804,1.36,39.5,-2.12,-2.12,-0.94,-2.12,0,712,-0.69,-1.07,-1.14,-1.41,-0.11,0.04,-0.47,25.9,53.1
105,0,200805,3.98,50.9,1.18,-0.72,3.55,0.96,17,385,1.39,0.86,0.59,0.49,0.48,-0.04,0.23,38.6,63.3
105,0,200806,3.32,60.2,1.54,1.54,1.44,1.54,99,149,0.47,1.29,0.87,0.49,0.62,0.34,0.63,47.2,73.2
105,0,200807,1.83,69.4,1.65,1.65,0.81,1.65,225,36,-0.17,0.19,0.97,0.43,0.1,0.55,0.87,54.6,84.2
105,0,200808,1.5,67.7,1.45,1.45,-0.11,1.31,168,49,-0.38,-0.46,-0.02,0.32,0.26,0.24,0.7,53,82.3
105,0,200809,1.99,56.4,1.74,1.74,1.33,1.74,42,230,0.72,0.32,0.09,0.67,0.41,0.51,0.62,42.3,70.5
105,0,200810,2.24,45.3,2.57,2.57,3.03,2.57,2,547,1.53,1.42,1.03,1.29,0.89,0.61,0.99,32.7,57.9
105,0,200811,1.16,35,2.55,2.55,0.72,2.55,0,869,0.55,1.61,1.45,0.9,0.96,0.91,1.08,24.9,45.1
105,0,200812,1.21,14.9,2.86,2.86,1.72,2.86,0,1499,1.07,1,1.82,1.02,1.21,0.99,1.12,4.3,25.5
105,0,200901,0.93,19.2,2.94,2.94,1.13,2.94,0,1402,0.35,0.94,0.95,1.33,1.43,1.07,1.19,8.4,30
105,0,200902,0.8,24.3,3.01,3.01,1.12,3.01,0,1090,0.1,0.24,0.85,1.56,1.07,1.08,1.11,13.6,34.9
105,0,200903,1.51,29.4,3.62,3.62,2.75,3.62,0,1030,1.03,0.91,0.86,1.95,1.21,1.32,1.06,17.4,41.3
105,0,200904,2.05,40.9,4.06,4.06,2.46,4.06,0,662,0.52,0.99,0.95,1.34,1.6,1.68,1.12,29.4,52.4
105,0,200905,1.51,52.9,3.04,3.04,-1.81,2.28,31,326,-1.4,-0.78,-0.42,-0.07,0.92,0.69,0.36,39.1,66.6
105,0,200906,3.27,59.8,3.2,3.2,1.41,2.93,89,156,0.42,-0.64,-0.33,-0.1,0.75,0.61,0.6,47.4,72.1
105,0,200907,2.35,65.8,3.64,3.64,2.3,3.64,135,70,0.58,0.58,-0.31,0.07,0.37,0.83,0.87,52.1,79.6
105,0,200908,2.19,64.9,4.11,4.11,2.56,4.11,120,75,0.85,0.88,0.84,0.31,0.5,1.09,0.85,51,78.8
105,0,200909,1.03,61,3.25,3.25,-1.33,2.68,57,163,-0.76,0.02,0.3,-0.1,0.08,0.72,0.78,46.2,75.7
105,0,200910,2.77,37.9,4.91,4.91,5.99,4.91,0,775,2.17,1.03,1.23,0.48,0.73,0.95,1.11,28.8,46.9
105,0,200911,0.32,37,3.86,3.86,-1.64,3.19,0,776,-1.76,1.22,0.35,0.84,0.4,0.56,1.03,24.6,49.5
105,0,200912,1.04,13.2,3.94,3.94,1.43,3.75,0,1538,0.61,-0.84,1.3,0.87,0.32,0.49,1.02,4,22.4
105,0,201001,0.74,18.6,3.78,3.78,0.73,3.78,0,1448,-0.32,0.22,-0.89,0.68,0.18,0.42,1,9.5,27.8
105,0,201002,0.58,18.7,3.56,3.56,0.51,3.56,0,1271,-1,-0.87,-0.27,0.21,0.7,0.32,0.94,8.8,28.6
105,0,201003,1.05,35.7,3.28,3.28,0.28,3.28,0,868,-0.29,-0.87,-0.95,0.69,0.56,0.14,0.96,25,46.4
105,0,201004,2.25,44.8,3.43,3.43,1.44,3.43,6,512,0.85,0.59,0.24,-0.47,0.73,0.24,1.24,32.3,57.4
105,0,201005,3.62,49.7,4.36,4.36,3.86,4.36,21,398,1.07,1.28,1.14,0.94,0.92,1.24,1.14,38.1,61.2
105,0,201006,4.26,61.7,5.05,5.05,3.41,5.05,123,129,1.42,1.7,1.73,1.47,1.92,1.69,1.47,49.7,73.7
105,0,201007,2.39,68.2,5.57,5.57,3.11,5.57,215,48,0.63,1.39,1.64,1.59,1.17,1.56,1.62,54.5,81.8
105,0,201008,2.05,68.1,5.99,5.99,2.99,5.99,219,49,0.62,0.78,1.47,1.74,1.62,1.47,1.76,53.9,82.3
105,0,201009,2.12,57,6.11,6.11,2.21,6.11,48,218,0.88,0.98,1.07,1.84,1.68,1.93,1.96,43.1,70.9
105,0,201010,1.03,49.3,5.22,5.22,-0.76,4.89,5,437,-0.35,0.4,0.6,1.57,1.55,1.26,1.71,35.6,63
105,0,201011,1.14,29.7,5.12,5.12,1.3,5.12,0,975,0.5,-0.05,0.51,1.47,1.65,1.58,1.6,19.1,40.2
105,0,201012,1.26,19.6,5.27,5.27,2.02,5.27,0,1364,1.2,1.05,0.47,1.06,1.86,1.67,1.5,10.3,28.8
105,0,201101,1.22,16.7,5.48,5.48,2.28,5.48,0,1495,1.19,1.55,1.35,1.19,1.8,1.79,1.5,7.3,26.1
105,0,201102,0.99,17.1,5.64,5.64,2.16,5.64,0,1264,0.88,1.32,1.74,1.17,1.82,1.92,1.53,6.4,27.8
105,0,201103,1.29,29.1,6.05,6.05,2.97,6.05,0,1031,0.43,0.85,1.32,1.12,1.39,1.99,1.45,19.1,39.1
105,0,201104,2.43,40.3,6.6,6.6,3.51,6.6,0,658,1.14,1.23,1.45,2.02,1.68,2.19,1.6,29.5,51.1
105,0,201105,4.99,49.5,8.27,8.27,7.06,8.27,22,400,2.23,2.41,2.48,3.09,2.29,3.05,2.66,38.8,60.3
105,0,201106,3.36,60.6,7.99,7.99,1.73,7.99,106,146,0.52,2.02,2.09,2.62,2.59,2.78,2.92,48.2,73
105,0,201107,2.34,70.8,8.06,8.06,2.67,8.06,289,31,0.57,0.65,1.89,2.29,2.73,2.39,2.91,57.2,84.3
105,0,201108,1.74,68.9,7.61,7.61,1.15,7.61,198,35,0.08,0.39,0.57,2.01,2.48,2.23,2.69,54.4,83.4
105,0,201109,0.73,58.6,-0.66,6.17,-1.97,5.41,34,209,-1.38,-0.93,-0.38,1.39,1.69,1.66,2.84,43,74.1
105,0,201110,1.65,48,-0.3,5.82,0.85,5.32,4,466,0.72,-0.44,-0.36,1.27,1.62,2.02,2.92,35.5,60.6
105,0,201111,0.77,31.9,-0.36,5.13,-0.27,4.48,0,921,-0.41,0.32,-0.59,0.03,1.39,1.8,2.81,20,43.7
105,0,201112,0.62,25.2,-0.57,4.35,-0.74,3.4,0,1196,-0.72,-0.78,-0.03,-0.4,1.23,1.51,2.24,14.6,35.7
105,0,201201,0.72,25.3,-0.72,3.7,-0.62,2.5,0,1187,-0.4,-0.83,-0.87,-0.8,0.92,1.27,2.06,13.9,36.6
105,0,201202,1.05,24.8,-0.44,3.52,0.61,2.51,0,1084,1.1,0.33,-0.21,-0.62,-0.01,1.26,2.15,13.8,35.7
105,0,201203,0.85,42.7,-1.77,1.79,-4.11,-0.57,19,612,-0.94,-0.1,-0.38,-0.24,-0.48,1.09,2.07,29,56.4
105,0,201204,2.2,47.3,-2.04,1.15,-1.37,-1.51,6,466,0.77,0.2,0.57,-0.21,-0.43,1.07,2.13,34,60.5
105,0,201205,2.17,54,-2.39,-2.39,-1.68,-2.39,58,285,-0.49,0.01,-0.29,-0.4,-0.66,-0.21,1.76,40.3,67.7
105,0,201206,1.75,65.4,-3.5,-3.5,-4.06,-3.5,170,89,-1.46,-1.38,-0.84,-0.96,-0.88,-0.96,1.04,51,79.8
105,0,201207,1.39,73.9,-4.68,-4.68,-4.6,-4.68,356,14,-0.97,-1.7,-1.58,-1.15,-1.36,-1.35,0.7,58.9,89
105,0,201208,0.82,68.5,-5.74,-5.74,-4.64,-5.74,185,39,-1.94,-1.92,-2.32,-1.74,-1.73,-1.71,0.32,52.4,84.6
105,0,201209,0.29,59.8,-6.62,-6.62,-4.4,-6.62,57,175,-2.63,-3.09,-3.09,-2.34,-2.32,-2.07,-0.21,43,76.5
105,0,201210,1.38,43.1,-5.68,-5.68,0.77,-5.35,0,617,0.29,-1.33,-2.15,-2.45,-2.03,-2.12,-0.16,31.1,55.1
105,0,201211,0.84,33.9,-5.45,-5.45,-1.06,-5.45,0,872,-0.23,0.03,-1.28,-2.47,-2.05,-2.06,-0.22,22.8,45
105,0,201212,0.95,21.4,-5.04,-5.04,-0.46,-5.04,0,1290,0.35,-0.01,0.14,-1.97,-1.82,-1.88,-0.24,11.6,31.2
105,0,201301,0.66,20.1,-5.04,-5.04,-1.56,-5.04,0,1352,-0.65,-0.16,-0.28,-2.07,-2.36,-1.97,-0.37,9.7,30.4
105,0,201302,0.67,24.5,-5.01,-5.01,-1.46,-5.01,0,1117,-0.51,-0.84,-0.44,-1.38,-2.62,-2.08,-0.46,14.4,34.5
105,0,201303,0.84,29.1,-5.36,-5.36,-2.59,-5.36,0,1084,-0.97,-1.25,-1.45,-0.64,-2.54,-2.15,-0.58,17,41.1
105,0,201304,1.86,36.5,0.1,-4.71,0.29,-4.54,0,788,0.2,-0.35,-0.54,-0.65,-2.22,-2.43,-0.76,24.8,48.3
105,0,201305,4.17,53.6,1.16,-3.15,3.22,-1.73,24,325,1.56,1.41,1.11,0.84,-0.06,-1.51,-1.02,40.8,66.3
105,0,201306,2.58,62.7,0.8,-3.07,-0.73,-1.91,113,114,-0.37,0.9,0.84,0.36,0.33,-1.02,-1.24,49.6,75.8
105,0,201307,1.73,69.3,0.61,-2.86,-0.31,-1.79,207,32,-0.33,-0.55,0.56,0.28,0.11,-0.83,-1.37,55.4,83.2
105,0,201308,1.78,69.2,0.43,-2.68,-0.35,-1.71,203,33,0.15,-0.24,-0.46,0.36,0.2,-0.39,-1.33,55.3,83
105,0,201309,2.5,61.6,0.92,-1.87,1.6,-0.36,100,134,1.33,1.08,0.66,0.96,0.64,0.6,-0.93,48.7,74.6
105,0,201310,2.71,42.5,2.43,2.43,4.8,2.43,1,612,2.1,2.23,1.97,1.57,1.33,1.18,-0.7,31.5,53.6
105,0,201311,0.61,31.2,2.11,2.11,-0.22,1.95,0,966,-0.85,1.51,1.79,0.83,1.17,1.05,-0.72,19.8,42.6
105,0,201312,0.99,15.7,2.23,2.23,1.01,2.23,0,1474,0.47,-0.37,1.49,1.28,1.35,1.07,-0.55,5.1,26.2
105,0,201401,0.71,21,2.09,2.09,0.28,2.09,0,1372,-0.44,0.04,-0.51,1.51,1.28,1.07,-0.51,9.7,32.3
105,0,201402,1.08,15.3,2.45,2.45,1.72,2.45,0,1353,1.2,0.38,0.56,1.73,0.92,1.21,-0.49,4.6,26.1
105,0,201403,1.35,30,2.9,2.9,2.13,2.9,0,1045,0.6,1.18,0.68,1.6,1.37,1.41,-0.34,18.5,41.6
105,0,201404,1.71,41.9,3.06,3.06,1.35,3.06,0,621,-0.06,0.22,0.63,0.05,1.63,1.44,-0.5,29.1,54.8
105,0,201405,2.15,53.2,2.6,2.6,-0.41,2.37,30,319,-0.51,-0.47,-0.3,-0.09,1.13,0.62,-0.53,40.4,66
105,0,201406,4.24,60.6,3.49,3.49,3.47,3.49,107,143,1.4,0.63,0.52,0.66,1.27,1.37,0.17,48.3,72.8
105,0,201407,1.15,68.1,3.16,3.16,0.09,3.14,164,45,-1.53,0.39,-0.04,0.18,-0.06,1.02,0.08,53.9,82.3
105,0,201408,3.74,66.6,4.9,4.9,6.2,4.9,161,57,2.98,1.23,1.76,1.08,1.18,1.82,0.93,54.1,79.1
105,0,201409,1.65,57.8,4.69,4.69,0.88,4.69,44,206,0.26,2,1.05,0.97,1.1,1.49,1.46,44.2,71.4
105,0,201410,0.81,48.8,3.76,3.76,-1.35,3.19,3,459,-0.81,-0.35,1.39,0.77,0.91,0.68,1.38,35.4,62.2
105,0,201411,1.14,26.2,3.75,3.75,1.15,3.56,0,1110,0.5,-0.38,-0.14,1.32,0.81,0.91,1.43,15.1,37.2
105,0,201412,1.01,24.3,3.71,3.71,1.04,3.71,0,1219,0.53,0.63,-0.13,0.74,0.78,0.91,1.37,15.3,33.4
105,0,201501,0.65,23.7,3.35,3.35,0.05,3.31,0,1259,-0.69,-0.05,0.26,1.31,0.76,0.88,1.31,13.2,34.1
105,0,201502,0.71,23.1,3.15,3.15,0.45,3.15,0,1201,-0.31,-0.75,-0.25,-0.23,1.13,0.71,1.29,11.6,34.7
105,0,201503,0.57,38.6,1.97,1.97,-2.58,0.86,2,799,-1.98,-2.07,-2.12,-1.25,0.16,0.4,1.2,24.7,52.6
105,0,201504,1.36,44.8,1.18,1.18,-1.75,-0.62,3,541,-0.69,-1.62,-1.7,-1.08,0.51,0.27,1.1,31.1,58.5
105,0,201505,4.23,51.3,2.4,2.4,4.04,2.12,20,366,1.61,1.06,0.53,0.35,0.23,1.26,1.11,39.7,62.8
105,0,201506,2.93,65.4,2.04,2.04,-0.34,1.57,137,76,0.04,1.19,0.79,0.15,0.03,0.58,1.25,52.3,78.6
105,0,201507,2.35,68.4,2.4,2.4,1.71,2.4,202,43,0.58,0.3,1.2,0.45,0.46,1.1,1.41,54.8,82.1
105,0,201508,1.76,67.4,2.37,2.37,0.64,2.37,152,50,0.12,0.43,0.28,0.48,0.37,0.22,1.37,52.7,82
105,0,201509,1.41,61.7,1.83,1.83,-0.86,1.39,104,132,-0.1,-0.04,0.26,0.7,0.24,0.15,1.11,47.3,76.2
105,0,201510,1.34,49.8,1.51,1.51,-0.41,0.84,5,421,0.22,-0.02,0,0.91,0.35,0.35,0.68,37.2,62.3
105,0,201511,1.21,32.9,1.6,1.6,0.75,1.2,0,865,0.66,0.5,0.21,0.28,0.47,0.38,0.88,22.1,43.8
105,0,201512,1.27,23.9,1.9,1.9,1.37,1.9,0,1196,1.22,1.18,0.94,0.63,0.9,0.5,0.97,15,32.8
105,0,201601,0.62,21.8,1.53,1.53,-0.5,1.23,0,1321,-0.82,0.45,0.69,0.33,1.01,0.5,0.92,12.8,30.9
